unix,date,time,open,high,low,close,ETH_volume,USD_volume
1767225600,2026-01-01,00:00:00,2400.00,2400.74,2399.07,2399.83,15.873542,38093.76
1767225660,2026-01-01,00:01:00,2399.83,2401.59,2399.12,2400.67,8.481382,20361.02
1767225720,2026-01-01,00:02:00,2400.67,2402.17,2399.64,2400.96,11.637965,27942.27
1767225780,2026-01-01,00:03:00,2400.96,2401.99,2399.70,2401.10,19.729431,47372.36
1767225840,2026-01-01,00:04:00,2401.10,2402.07,2399.63,2400.74,17.760186,42637.59
1767225900,2026-01-01,00:05:00,2400.74,2401.74,2400.20,2400.47,25.541348,61311.19
1767225960,2026-01-01,00:06:00,2400.47,2401.57,2398.36,2399.39,17.473331,41925.33
1767226020,2026-01-01,00:07:00,2399.39,2400.16,2397.25,2397.95,6.715356,16103.09
1767226080,2026-01-01,00:08:00,2397.95,2399.67,2396.92,2398.74,10.643100,25530.07
1767226140,2026-01-01,00:09:00,2398.74,2399.98,2397.77,2399.35,12.089991,29008.09
1767226200,2026-01-01,00:10:00,2399.35,2401.60,2398.37,2400.30,10.375000,24903.15
1767226260,2026-01-01,00:11:00,2400.30,2402.48,2400.01,2401.34,7.429366,17840.46
1767226320,2026-01-01,00:12:00,2401.34,2403.69,2400.33,2402.08,11.007194,26440.16
1767226380,2026-01-01,00:13:00,2402.08,2403.21,2400.79,2401.39,7.092732,17032.43
1767226440,2026-01-01,00:14:00,2401.39,2402.09,2400.41,2400.57,8.170422,19613.67
1767226500,2026-01-01,00:15:00,2400.57,2401.79,2398.53,2399.32,4.019408,9643.85
1767226560,2026-01-01,00:16:00,2399.32,2400.15,2398.20,2399.70,12.218572,29320.93
1767226620,2026-01-01,00:17:00,2399.70,2400.96,2398.40,2400.21,5.309326,12743.52
1767226680,2026-01-01,00:18:00,2400.21,2401.26,2396.43,2397.42,9.029987,21648.69
1767226740,2026-01-01,00:19:00,2397.42,2398.83,2396.39,2396.82,5.865224,14057.91
1767226800,2026-01-01,00:20:00,2396.82,2397.50,2395.52,2396.35,14.267669,34190.38
1767226860,2026-01-01,00:21:00,2396.35,2397.46,2394.13,2394.93,7.708060,18460.28
1767226920,2026-01-01,00:22:00,2394.93,2397.31,2393.78,2397.10,11.420965,27377.16
1767226980,2026-01-01,00:23:00,2397.10,2398.24,2396.23,2397.88,8.370546,20071.56
1767227040,2026-01-01,00:24:00,2397.88,2398.54,2395.18,2396.07,8.173900,19585.26
1767227100,2026-01-01,00:25:00,2396.07,2398.12,2395.10,2397.14,6.661764,15969.18
1767227160,2026-01-01,00:26:00,2397.14,2398.37,2395.89,2397.33,4.898810,11744.05
1767227220,2026-01-01,00:27:00,2397.33,2398.98,2396.34,2398.14,19.762548,47393.38
1767227280,2026-01-01,00:28:00,2398.14,2399.05,2395.28,2396.16,5.223089,12515.33
1767227340,2026-01-01,00:29:00,2396.16,2396.61,2394.53,2395.51,15.508837,37151.65
1767227400,2026-01-01,00:30:00,2395.51,2396.93,2394.98,2396.15,13.086875,31358.11
1767227460,2026-01-01,00:31:00,2396.15,2397.81,2394.99,2396.87,8.301282,19897.10
1767227520,2026-01-01,00:32:00,2396.87,2398.56,2396.72,2396.97,9.401983,22536.26
1767227580,2026-01-01,00:33:00,2396.97,2399.37,2396.17,2397.90,12.464551,29888.76
1767227640,2026-01-01,00:34:00,2397.90,2398.72,2396.47,2397.17,3.898366,9345.06
1767227700,2026-01-01,00:35:00,2397.17,2397.96,2396.27,2397.52,10.515913,25212.08
1767227760,2026-01-01,00:36:00,2397.52,2399.23,2396.27,2398.19,10.270236,24629.96
1767227820,2026-01-01,00:37:00,2398.19,2399.42,2397.02,2397.99,9.160865,21967.62
1767227880,2026-01-01,00:38:00,2397.99,2401.31,2396.99,2399.77,11.312282,27146.88
1767227940,2026-01-01,00:39:00,2399.77,2401.07,2398.79,2400.25,13.459864,32307.05
1767228000,2026-01-01,00:40:00,2400.25,2400.78,2398.58,2398.98,11.814964,28343.86
1767228060,2026-01-01,00:41:00,2398.98,2400.82,2397.65,2399.86,6.463212,15510.83
1767228120,2026-01-01,00:42:00,2399.86,2400.40,2398.94,2399.50,4.907865,11776.42
1767228180,2026-01-01,00:43:00,2399.50,2403.41,2398.71,2401.45,5.937683,14259.03
1767228240,2026-01-01,00:44:00,2401.45,2403.06,2399.97,2401.30,8.007767,19229.03
1767228300,2026-01-01,00:45:00,2401.30,2402.37,2399.41,2399.74,12.799483,30715.39
1767228360,2026-01-01,00:46:00,2399.74,2399.83,2397.47,2398.39,4.576778,10976.88
1767228420,2026-01-01,00:47:00,2398.39,2399.68,2397.11,2398.95,11.144442,26734.97
1767228480,2026-01-01,00:48:00,2398.95,2399.55,2398.41,2398.45,8.318098,19950.52
1767228540,2026-01-01,00:49:00,2398.45,2400.16,2397.63,2398.76,10.416793,24987.35
1767228600,2026-01-01,00:50:00,2398.76,2399.15,2398.00,2398.80,17.925533,42999.69
1767228660,2026-01-01,00:51:00,2398.80,2400.03,2398.39,2398.99,6.610459,15858.44
1767228720,2026-01-01,00:52:00,2398.99,2400.49,2397.20,2398.20,13.327994,31963.15
1767228780,2026-01-01,00:53:00,2398.20,2399.00,2395.08,2396.04,7.459360,17872.91
1767228840,2026-01-01,00:54:00,2396.04,2399.19,2394.61,2397.72,12.518293,30015.42
1767228900,2026-01-01,00:55:00,2397.72,2398.56,2394.75,2395.38,2.805895,6721.20
1767228960,2026-01-01,00:56:00,2395.38,2396.26,2393.65,2394.52,3.396051,8131.90
1767229020,2026-01-01,00:57:00,2394.52,2395.59,2393.07,2393.81,10.825878,25915.15
1767229080,2026-01-01,00:58:00,2393.81,2396.17,2392.85,2395.42,14.674612,35151.83
1767229140,2026-01-01,00:59:00,2395.42,2396.51,2394.29,2395.32,11.670583,27954.81
1767229200,2026-01-01,01:00:00,2395.32,2395.86,2393.86,2394.32,4.710474,11278.38
1767229260,2026-01-01,01:01:00,2394.32,2397.08,2393.51,2395.48,10.032206,24031.99
1767229320,2026-01-01,01:02:00,2395.48,2395.80,2394.77,2395.52,10.905797,26125.05
1767229380,2026-01-01,01:03:00,2395.52,2396.52,2394.09,2395.99,11.501360,27557.12
1767229440,2026-01-01,01:04:00,2395.99,2397.12,2395.11,2395.67,5.493322,13160.16
1767229500,2026-01-01,01:05:00,2395.67,2397.66,2395.06,2396.37,20.262506,48556.41
1767229560,2026-01-01,01:06:00,2396.37,2397.59,2394.93,2396.01,7.933819,19009.55
1767229620,2026-01-01,01:07:00,2396.01,2396.72,2395.54,2396.14,8.526786,20431.37
1767229680,2026-01-01,01:08:00,2396.14,2397.07,2392.86,2393.72,4.657559,11148.87
1767229740,2026-01-01,01:09:00,2393.72,2394.30,2392.57,2393.14,24.234388,57996.17
1767229800,2026-01-01,01:10:00,2393.14,2393.71,2392.03,2392.86,6.200969,14838.03
1767229860,2026-01-01,01:11:00,2392.86,2394.11,2392.17,2393.23,7.550383,18069.79
1767229920,2026-01-01,01:12:00,2393.23,2395.29,2392.69,2393.98,20.958059,50173.15
1767229980,2026-01-01,01:13:00,2393.98,2395.22,2392.95,2394.13,9.157710,21924.72
1767230040,2026-01-01,01:14:00,2394.13,2395.73,2393.93,2394.25,39.445829,94443.30
1767230100,2026-01-01,01:15:00,2394.25,2396.12,2393.76,2394.95,12.702770,30422.49
1767230160,2026-01-01,01:16:00,2394.95,2396.21,2393.69,2395.79,8.789946,21058.90
1767230220,2026-01-01,01:17:00,2395.79,2396.60,2393.41,2394.71,13.855343,33179.57
1767230280,2026-01-01,01:18:00,2394.71,2395.31,2393.10,2394.15,6.965326,16676.03
1767230340,2026-01-01,01:19:00,2394.15,2395.33,2393.40,2394.72,4.581966,10972.51
1767230400,2026-01-01,01:20:00,2394.72,2395.39,2394.27,2394.70,8.314684,19911.20
1767230460,2026-01-01,01:21:00,2394.70,2395.76,2393.54,2395.63,11.169418,26757.79
1767230520,2026-01-01,01:22:00,2395.63,2397.33,2394.86,2397.00,5.673384,13599.11
1767230580,2026-01-01,01:23:00,2397.00,2398.51,2396.89,2397.19,7.045592,16889.62
1767230640,2026-01-01,01:24:00,2397.19,2397.85,2394.88,2395.72,8.576153,20546.08
1767230700,2026-01-01,01:25:00,2395.72,2397.18,2394.47,2396.65,8.260892,19798.44
1767230760,2026-01-01,01:26:00,2396.65,2397.48,2395.38,2396.13,7.479620,17922.11
1767230820,2026-01-01,01:27:00,2396.13,2397.42,2395.14,2396.02,5.352429,12824.53
1767230880,2026-01-01,01:28:00,2396.02,2398.13,2395.15,2397.22,12.488523,29937.76
1767230940,2026-01-01,01:29:00,2397.22,2399.15,2397.08,2398.34,7.327946,17574.94
1767231000,2026-01-01,01:30:00,2398.34,2400.76,2397.22,2399.91,15.330286,36791.31
1767231060,2026-01-01,01:31:00,2399.91,2400.45,2399.59,2399.99,3.769828,9047.55
1767231120,2026-01-01,01:32:00,2399.99,2400.69,2398.68,2399.29,4.697414,11270.47
1767231180,2026-01-01,01:33:00,2399.29,2400.09,2396.79,2397.42,5.755085,13797.37
1767231240,2026-01-01,01:34:00,2397.42,2399.37,2396.65,2398.66,13.393450,32126.32
1767231300,2026-01-01,01:35:00,2398.66,2399.94,2397.10,2398.26,17.756496,42584.74
1767231360,2026-01-01,01:36:00,2398.26,2402.32,2397.40,2400.83,8.266048,19845.34
1767231420,2026-01-01,01:37:00,2400.83,2401.31,2399.02,2399.80,16.627524,39902.81
1767231480,2026-01-01,01:38:00,2399.80,2400.24,2398.82,2399.53,3.577250,8583.70
1767231540,2026-01-01,01:39:00,2399.53,2399.93,2395.78,2396.49,7.501410,17977.02
1767231600,2026-01-01,01:40:00,2396.49,2397.96,2395.40,2396.27,13.324858,31929.95
1767231660,2026-01-01,01:41:00,2396.27,2396.60,2394.97,2395.87,8.197432,19640.02
1767231720,2026-01-01,01:42:00,2395.87,2397.00,2394.93,2396.37,3.222370,7722.00
1767231780,2026-01-01,01:43:00,2396.37,2399.22,2395.84,2398.50,8.701872,20871.48
1767231840,2026-01-01,01:44:00,2398.50,2398.83,2397.74,2397.92,6.027954,14454.53
1767231900,2026-01-01,01:45:00,2397.92,2398.77,2397.40,2398.08,10.170868,24390.53
1767231960,2026-01-01,01:46:00,2398.08,2398.81,2396.08,2396.87,11.187446,26814.89
1767232020,2026-01-01,01:47:00,2396.87,2397.67,2394.85,2395.83,6.892634,16513.59
1767232080,2026-01-01,01:48:00,2395.83,2396.50,2392.98,2393.88,8.634007,20668.76
1767232140,2026-01-01,01:49:00,2393.88,2395.90,2393.14,2394.67,7.491397,17939.45
1767232200,2026-01-01,01:50:00,2394.67,2396.03,2393.85,2394.99,9.358761,22414.16
1767232260,2026-01-01,01:51:00,2394.99,2396.43,2394.26,2395.19,10.744895,25736.12
1767232320,2026-01-01,01:52:00,2395.19,2396.66,2394.08,2396.16,8.651882,20731.25
1767232380,2026-01-01,01:53:00,2396.16,2397.00,2394.14,2395.04,17.321563,41485.90
1767232440,2026-01-01,01:54:00,2395.04,2396.07,2393.80,2395.58,9.676341,23180.49
1767232500,2026-01-01,01:55:00,2395.58,2397.32,2394.79,2396.35,15.158444,36324.93
1767232560,2026-01-01,01:56:00,2396.35,2397.13,2395.93,2396.57,6.578297,15765.34
1767232620,2026-01-01,01:57:00,2396.57,2397.67,2395.60,2396.38,11.465490,27475.70
1767232680,2026-01-01,01:58:00,2396.38,2396.43,2395.33,2396.20,10.453365,25048.32
1767232740,2026-01-01,01:59:00,2396.20,2397.85,2395.27,2396.99,9.995977,23960.23
1767232800,2026-01-01,02:00:00,2396.99,2398.54,2396.30,2397.19,16.323798,39131.32
1767232860,2026-01-01,02:01:00,2397.19,2397.56,2395.81,2395.92,7.949485,19046.31
1767232920,2026-01-01,02:02:00,2395.92,2396.10,2393.46,2394.33,6.218422,14888.93
1767232980,2026-01-01,02:03:00,2394.33,2395.12,2393.55,2393.90,7.490495,17931.46
1767233040,2026-01-01,02:04:00,2393.90,2394.19,2391.99,2393.17,8.978124,21486.19
1767233100,2026-01-01,02:05:00,2393.17,2394.33,2391.75,2392.65,7.515916,17982.93
1767233160,2026-01-01,02:06:00,2392.65,2396.48,2391.61,2395.19,10.827279,25933.41
1767233220,2026-01-01,02:07:00,2395.19,2396.56,2392.86,2393.81,8.454108,20237.54
1767233280,2026-01-01,02:08:00,2393.81,2395.12,2393.44,2394.43,8.961800,21458.41
1767233340,2026-01-01,02:09:00,2394.43,2395.05,2392.46,2393.52,22.718986,54378.35
1767233400,2026-01-01,02:10:00,2393.52,2394.79,2391.99,2392.59,15.456765,36981.69
1767233460,2026-01-01,02:11:00,2392.59,2395.86,2391.70,2395.35,7.749278,18562.25
1767233520,2026-01-01,02:12:00,2395.35,2397.82,2394.90,2397.05,6.184845,14825.41
1767233580,2026-01-01,02:13:00,2397.05,2397.87,2396.36,2396.67,11.611636,27829.30
1767233640,2026-01-01,02:14:00,2396.67,2397.23,2393.70,2394.00,10.079330,24129.90
1767233700,2026-01-01,02:15:00,2394.00,2395.68,2392.83,2394.64,9.435543,22594.76
1767233760,2026-01-01,02:16:00,2394.64,2397.99,2394.01,2397.23,15.046720,36070.45
1767233820,2026-01-01,02:17:00,2397.23,2398.02,2396.84,2397.31,3.132060,7508.52
1767233880,2026-01-01,02:18:00,2397.31,2398.90,2396.84,2398.13,17.501197,41970.19
1767233940,2026-01-01,02:19:00,2398.13,2399.44,2397.37,2397.69,3.964707,9506.13
1767234000,2026-01-01,02:20:00,2397.69,2398.90,2395.05,2395.21,7.106426,17021.36
1767234060,2026-01-01,02:21:00,2395.21,2395.51,2394.89,2395.02,8.940635,21413.03
1767234120,2026-01-01,02:22:00,2395.02,2395.75,2393.49,2393.87,8.577744,20534.03
1767234180,2026-01-01,02:23:00,2393.87,2394.88,2392.01,2393.31,9.701859,23219.57
1767234240,2026-01-01,02:24:00,2393.31,2394.01,2392.50,2393.29,13.350947,31952.63
1767234300,2026-01-01,02:25:00,2393.29,2393.75,2391.08,2391.33,18.830909,45030.83
1767234360,2026-01-01,02:26:00,2391.33,2393.51,2391.12,2392.62,15.121567,36180.12
1767234420,2026-01-01,02:27:00,2392.62,2393.04,2390.49,2391.23,12.073909,28871.45
1767234480,2026-01-01,02:28:00,2391.23,2391.86,2390.64,2390.74,6.016066,14382.86
1767234540,2026-01-01,02:29:00,2390.74,2391.65,2390.50,2391.25,7.880908,18845.23
1767234600,2026-01-01,02:30:00,2391.25,2391.47,2389.89,2390.76,12.636083,30209.83
1767234660,2026-01-01,02:31:00,2390.76,2391.96,2389.34,2390.43,15.135076,36179.29
1767234720,2026-01-01,02:32:00,2390.43,2390.52,2388.03,2389.43,6.992491,16708.08
1767234780,2026-01-01,02:33:00,2389.43,2391.00,2388.29,2389.94,11.534046,27565.68
1767234840,2026-01-01,02:34:00,2389.94,2390.99,2388.80,2390.07,5.412494,12936.24
1767234900,2026-01-01,02:35:00,2390.07,2390.86,2387.69,2388.75,5.623992,13434.33
1767234960,2026-01-01,02:36:00,2388.75,2389.94,2387.18,2387.74,6.188088,14775.57
1767235020,2026-01-01,02:37:00,2387.74,2388.29,2385.84,2386.67,10.283962,24544.40
1767235080,2026-01-01,02:38:00,2386.67,2388.35,2385.36,2387.56,6.043102,14428.27
1767235140,2026-01-01,02:39:00,2387.56,2388.13,2386.94,2387.21,8.790220,20984.06
1767235200,2026-01-01,02:40:00,2387.21,2388.62,2386.06,2386.61,11.919765,28447.80
1767235260,2026-01-01,02:41:00,2386.61,2387.16,2385.50,2385.80,19.300642,46047.40
1767235320,2026-01-01,02:42:00,2385.80,2386.05,2383.27,2383.88,8.095751,19299.33
1767235380,2026-01-01,02:43:00,2383.88,2384.67,2382.30,2382.95,4.824094,11495.56
1767235440,2026-01-01,02:44:00,2382.95,2384.08,2382.84,2383.12,11.885356,28324.19
1767235500,2026-01-01,02:45:00,2383.12,2384.05,2381.65,2382.21,14.639900,34875.37
1767235560,2026-01-01,02:46:00,2382.21,2383.04,2381.51,2382.79,5.501187,13108.15
1767235620,2026-01-01,02:47:00,2382.79,2384.40,2381.95,2383.17,8.111753,19331.68
1767235680,2026-01-01,02:48:00,2383.17,2383.56,2381.14,2382.30,6.082261,14489.79
1767235740,2026-01-01,02:49:00,2382.30,2383.82,2378.71,2379.62,15.790345,37575.06
1767235800,2026-01-01,02:50:00,2379.62,2380.55,2378.44,2379.58,6.972128,16590.73
1767235860,2026-01-01,02:51:00,2379.58,2380.92,2375.65,2377.11,6.701522,15930.22
1767235920,2026-01-01,02:52:00,2377.11,2380.26,2376.05,2379.04,15.065285,35840.87
1767235980,2026-01-01,02:53:00,2379.04,2381.05,2378.36,2379.91,11.259484,26796.54
1767236040,2026-01-01,02:54:00,2379.91,2380.79,2378.87,2379.31,7.541600,17943.84
1767236100,2026-01-01,02:55:00,2379.31,2380.77,2378.68,2379.27,42.488489,101091.76
1767236160,2026-01-01,02:56:00,2379.27,2380.35,2377.52,2378.39,14.771953,35133.45
1767236220,2026-01-01,02:57:00,2378.39,2379.37,2378.02,2378.84,9.743809,23178.92
1767236280,2026-01-01,02:58:00,2378.84,2379.47,2377.72,2378.92,6.764323,16091.78
1767236340,2026-01-01,02:59:00,2378.92,2380.91,2378.35,2379.90,6.584508,15670.46
1767236400,2026-01-01,03:00:00,2379.90,2380.92,2379.02,2379.77,6.691384,15923.99
1767236460,2026-01-01,03:01:00,2379.77,2380.63,2378.52,2379.42,13.379838,31836.28
1767236520,2026-01-01,03:02:00,2379.42,2379.82,2378.39,2379.27,4.912187,11687.40
1767236580,2026-01-01,03:03:00,2379.27,2380.16,2376.96,2377.73,9.305039,22124.86
1767236640,2026-01-01,03:04:00,2377.73,2378.80,2377.28,2378.03,11.963311,28449.05
1767236700,2026-01-01,03:05:00,2378.03,2378.98,2377.30,2378.07,3.950335,9394.17
1767236760,2026-01-01,03:06:00,2378.07,2379.75,2377.56,2378.83,9.423266,22416.38
1767236820,2026-01-01,03:07:00,2378.83,2379.51,2376.89,2377.60,26.002065,61822.40
1767236880,2026-01-01,03:08:00,2377.60,2377.91,2375.53,2376.28,8.597958,20431.19
1767236940,2026-01-01,03:09:00,2376.28,2376.88,2374.22,2375.35,8.400828,19954.91
1767237000,2026-01-01,03:10:00,2375.35,2376.38,2372.99,2373.65,15.526210,36853.78
1767237060,2026-01-01,03:11:00,2373.65,2374.45,2373.08,2374.03,7.769265,18444.47
1767237120,2026-01-01,03:12:00,2374.03,2375.24,2372.04,2372.85,10.171169,24134.62
1767237180,2026-01-01,03:13:00,2372.85,2373.43,2369.64,2370.32,10.548409,25003.15
1767237240,2026-01-01,03:14:00,2370.32,2373.25,2369.92,2372.02,12.142790,28802.97
1767237300,2026-01-01,03:15:00,2372.02,2374.76,2372.01,2373.42,17.049829,40466.47
1767237360,2026-01-01,03:16:00,2373.42,2374.16,2371.76,2373.15,7.249648,17204.50
1767237420,2026-01-01,03:17:00,2373.15,2373.86,2371.57,2372.08,17.433418,41353.42
1767237480,2026-01-01,03:18:00,2372.08,2372.99,2370.70,2371.44,11.496850,27264.10
1767237540,2026-01-01,03:19:00,2371.44,2371.96,2370.17,2371.12,6.294459,14924.94
1767237600,2026-01-01,03:20:00,2371.12,2371.64,2370.22,2371.29,4.517458,10712.21
1767237660,2026-01-01,03:21:00,2371.29,2372.07,2370.74,2371.40,11.508193,27290.54
1767237720,2026-01-01,03:22:00,2371.40,2372.30,2369.61,2370.42,8.368818,19837.59
1767237780,2026-01-01,03:23:00,2370.42,2371.04,2369.30,2369.74,10.331144,24482.13
1767237840,2026-01-01,03:24:00,2369.74,2370.83,2367.28,2368.37,6.970013,16507.59
1767237900,2026-01-01,03:25:00,2368.37,2369.16,2367.23,2368.34,6.025853,14271.27
1767237960,2026-01-01,03:26:00,2368.34,2368.75,2366.74,2367.86,10.351131,24509.99
1767238020,2026-01-01,03:27:00,2367.86,2368.56,2365.45,2365.90,4.568180,10807.84
1767238080,2026-01-01,03:28:00,2365.90,2366.25,2363.22,2364.15,12.825708,30321.93
1767238140,2026-01-01,03:29:00,2364.15,2364.59,2363.26,2363.83,8.031209,18984.43
1767238200,2026-01-01,03:30:00,2363.83,2364.90,2362.18,2363.19,4.913391,11611.27
1767238260,2026-01-01,03:31:00,2363.19,2365.44,2362.57,2364.37,23.796174,56263.01
1767238320,2026-01-01,03:32:00,2364.37,2365.22,2363.43,2364.66,12.549412,29675.09
1767238380,2026-01-01,03:33:00,2364.66,2365.91,2364.04,2365.23,13.685975,32370.52
1767238440,2026-01-01,03:34:00,2365.23,2365.44,2365.19,2365.23,10.345110,24468.59
1767238500,2026-01-01,03:35:00,2365.23,2366.34,2364.93,2366.04,10.131727,23972.06
1767238560,2026-01-01,03:36:00,2366.04,2368.13,2365.33,2367.17,4.502063,10657.14
1767238620,2026-01-01,03:37:00,2367.17,2368.69,2366.01,2368.03,18.401578,43575.48
1767238680,2026-01-01,03:38:00,2368.03,2368.81,2366.43,2366.65,15.727159,37220.66
1767238740,2026-01-01,03:39:00,2366.65,2367.64,2365.57,2365.90,6.939632,16418.45
1767238800,2026-01-01,03:40:00,2365.90,2367.01,2364.50,2366.11,5.911689,13987.69
1767238860,2026-01-01,03:41:00,2366.11,2368.21,2365.31,2367.63,6.383004,15112.59
1767238920,2026-01-01,03:42:00,2367.63,2368.59,2365.26,2366.24,6.797247,16083.94
1767238980,2026-01-01,03:43:00,2366.24,2367.74,2365.04,2367.19,16.997524,40236.34
1767239040,2026-01-01,03:44:00,2367.19,2368.52,2366.51,2367.65,14.923192,35332.93
1767239100,2026-01-01,03:45:00,2367.65,2369.04,2366.34,2366.75,6.630615,15692.99
1767239160,2026-01-01,03:46:00,2366.75,2368.48,2365.42,2367.43,7.345116,17389.06
1767239220,2026-01-01,03:47:00,2367.43,2368.51,2366.36,2367.04,5.714693,13526.92
1767239280,2026-01-01,03:48:00,2367.04,2368.04,2365.97,2367.72,12.209678,28909.11
1767239340,2026-01-01,03:49:00,2367.72,2368.30,2365.48,2365.98,7.634318,18062.67
1767239400,2026-01-01,03:50:00,2365.98,2367.35,2364.80,2366.33,7.065485,16719.28
1767239460,2026-01-01,03:51:00,2366.33,2367.73,2364.77,2365.88,5.269583,12467.22
1767239520,2026-01-01,03:52:00,2365.88,2366.57,2365.23,2365.95,12.012006,28419.81
1767239580,2026-01-01,03:53:00,2365.95,2366.92,2365.01,2366.45,10.789403,25532.63
1767239640,2026-01-01,03:54:00,2366.45,2367.35,2364.74,2365.54,9.374780,22176.42
1767239700,2026-01-01,03:55:00,2365.54,2366.48,2363.81,2364.24,13.588689,32126.96
1767239760,2026-01-01,03:56:00,2364.24,2368.00,2363.72,2367.53,7.441075,17616.98
1767239820,2026-01-01,03:57:00,2367.53,2369.21,2366.87,2367.78,11.821568,27990.91
1767239880,2026-01-01,03:58:00,2367.78,2369.11,2366.67,2367.80,13.186431,31222.90
1767239940,2026-01-01,03:59:00,2367.80,2368.63,2366.22,2366.75,3.666399,8677.43
1767240000,2026-01-01,04:00:00,2366.75,2368.18,2365.99,2367.00,4.515247,10687.61
1767240060,2026-01-01,04:01:00,2367.00,2368.16,2365.08,2367.26,8.171343,19343.71
1767240120,2026-01-01,04:02:00,2367.26,2369.90,2366.83,2369.38,6.096312,14444.47
1767240180,2026-01-01,04:03:00,2369.38,2370.44,2367.37,2367.70,3.500945,8289.18
1767240240,2026-01-01,04:04:00,2367.70,2368.51,2366.59,2367.62,16.008432,37901.95
1767240300,2026-01-01,04:05:00,2367.62,2368.85,2367.25,2368.11,5.920189,14019.66
1767240360,2026-01-01,04:06:00,2368.11,2369.01,2367.78,2368.04,8.695141,20590.44
1767240420,2026-01-01,04:07:00,2368.04,2370.31,2367.50,2369.12,7.151919,16943.76
1767240480,2026-01-01,04:08:00,2369.12,2370.13,2366.86,2367.68,10.368512,24549.31
1767240540,2026-01-01,04:09:00,2367.68,2369.91,2366.90,2368.98,9.401164,22271.17
1767240600,2026-01-01,04:10:00,2368.98,2371.33,2368.48,2370.56,12.679026,30056.42
1767240660,2026-01-01,04:11:00,2370.56,2372.23,2370.25,2371.48,19.915245,47228.70
1767240720,2026-01-01,04:12:00,2371.48,2372.38,2371.19,2371.37,8.251066,19566.35
1767240780,2026-01-01,04:13:00,2371.37,2371.74,2370.49,2370.82,8.617203,20429.79
1767240840,2026-01-01,04:14:00,2370.82,2372.52,2369.23,2371.66,26.891484,63777.40
1767240900,2026-01-01,04:15:00,2371.66,2373.00,2370.93,2372.46,11.492947,27266.56
1767240960,2026-01-01,04:16:00,2372.46,2373.74,2370.23,2371.24,5.704656,13527.09
1767241020,2026-01-01,04:17:00,2371.24,2372.48,2370.08,2370.51,14.830750,35156.47
1767241080,2026-01-01,04:18:00,2370.51,2372.71,2370.51,2371.98,9.726296,23070.60
1767241140,2026-01-01,04:19:00,2371.98,2372.89,2371.32,2372.11,14.086183,33413.98
1767241200,2026-01-01,04:20:00,2372.11,2372.82,2369.93,2371.19,6.197086,14694.44
1767241260,2026-01-01,04:21:00,2371.19,2372.45,2370.15,2372.13,8.007090,18993.83
1767241320,2026-01-01,04:22:00,2372.13,2373.55,2371.05,2372.99,3.650878,8663.48
1767241380,2026-01-01,04:23:00,2372.99,2373.46,2371.71,2373.07,4.469477,10606.39
1767241440,2026-01-01,04:24:00,2373.07,2373.94,2371.72,2373.23,7.635361,18120.48
1767241500,2026-01-01,04:25:00,2373.23,2374.55,2372.63,2374.19,5.947414,14120.27
1767241560,2026-01-01,04:26:00,2374.19,2374.79,2372.58,2372.97,7.257010,17220.67
1767241620,2026-01-01,04:27:00,2372.97,2374.88,2372.58,2374.11,7.396159,17559.33
1767241680,2026-01-01,04:28:00,2374.11,2375.22,2373.81,2374.15,8.955403,21261.49
1767241740,2026-01-01,04:29:00,2374.15,2376.62,2373.66,2375.59,15.715714,37334.13
1767241800,2026-01-01,04:30:00,2375.59,2378.33,2374.62,2377.25,7.956857,18915.43
1767241860,2026-01-01,04:31:00,2377.25,2377.34,2375.89,2376.49,23.131756,54972.44
1767241920,2026-01-01,04:32:00,2376.49,2378.72,2375.58,2378.14,6.259951,14887.04
1767241980,2026-01-01,04:33:00,2378.14,2379.34,2375.60,2376.88,5.390124,12811.67
1767242040,2026-01-01,04:34:00,2376.88,2377.53,2374.37,2375.43,9.834872,23362.06
1767242100,2026-01-01,04:35:00,2375.43,2376.94,2374.75,2376.08,7.998662,19005.47
1767242160,2026-01-01,04:36:00,2376.08,2377.48,2373.93,2374.82,5.040037,11969.20
1767242220,2026-01-01,04:37:00,2374.82,2375.79,2372.40,2373.26,6.549129,15542.79
1767242280,2026-01-01,04:38:00,2373.26,2374.55,2372.22,2372.55,5.325141,12634.17
1767242340,2026-01-01,04:39:00,2372.55,2375.65,2371.81,2375.02,6.512476,15467.29
1767242400,2026-01-01,04:40:00,2375.02,2375.82,2373.43,2374.42,13.994066,33227.77
1767242460,2026-01-01,04:41:00,2374.42,2374.69,2373.91,2374.29,11.953466,28381.05
1767242520,2026-01-01,04:42:00,2374.29,2375.60,2373.78,2374.78,14.889309,35358.85
1767242580,2026-01-01,04:43:00,2374.78,2375.15,2372.64,2373.69,8.988425,21335.70
1767242640,2026-01-01,04:44:00,2373.69,2375.34,2372.90,2373.07,11.059281,26244.46
1767242700,2026-01-01,04:45:00,2373.07,2374.34,2372.22,2373.43,8.244941,19568.80
1767242760,2026-01-01,04:46:00,2373.43,2375.28,2372.84,2374.03,7.185068,17057.54
1767242820,2026-01-01,04:47:00,2374.03,2376.55,2372.87,2375.92,7.108683,16889.66
1767242880,2026-01-01,04:48:00,2375.92,2377.83,2375.48,2376.86,6.106746,14514.90
1767242940,2026-01-01,04:49:00,2376.86,2378.63,2376.21,2378.10,13.529175,32173.69
1767243000,2026-01-01,04:50:00,2378.10,2378.86,2376.05,2376.82,18.083430,42981.10
1767243060,2026-01-01,04:51:00,2376.82,2378.23,2376.07,2377.19,8.007606,19035.63
1767243120,2026-01-01,04:52:00,2377.19,2378.02,2374.27,2374.84,10.862736,25797.28
1767243180,2026-01-01,04:53:00,2374.84,2374.98,2372.75,2373.86,18.987063,45072.54
1767243240,2026-01-01,04:54:00,2373.86,2374.92,2372.58,2373.18,9.434267,22389.17
1767243300,2026-01-01,04:55:00,2373.18,2373.38,2372.18,2372.97,10.570242,25082.84
1767243360,2026-01-01,04:56:00,2372.97,2375.03,2372.08,2374.28,5.622171,13348.61
1767243420,2026-01-01,04:57:00,2374.28,2374.97,2372.56,2373.36,5.929141,14071.99
1767243480,2026-01-01,04:58:00,2373.36,2374.22,2371.71,2372.18,6.402995,15189.05
1767243540,2026-01-01,04:59:00,2372.18,2373.54,2369.70,2371.41,11.747523,27858.20
1767243600,2026-01-01,05:00:00,2371.41,2372.77,2370.11,2370.37,3.900675,9246.05
1767243660,2026-01-01,05:01:00,2370.37,2370.82,2368.93,2370.12,20.781050,49253.52
1767243720,2026-01-01,05:02:00,2370.12,2370.86,2370.01,2370.13,23.943535,56749.40
1767243780,2026-01-01,05:03:00,2370.13,2371.06,2369.60,2370.76,9.754546,23125.65
1767243840,2026-01-01,05:04:00,2370.76,2371.20,2368.82,2369.73,10.423545,24700.96
1767243900,2026-01-01,05:05:00,2369.73,2370.69,2368.53,2369.28,5.253427,12446.82
1767243960,2026-01-01,05:06:00,2369.28,2371.70,2368.99,2370.46,10.958941,25977.77
1767244020,2026-01-01,05:07:00,2370.46,2372.64,2369.48,2371.69,6.050538,14349.98
1767244080,2026-01-01,05:08:00,2371.69,2372.44,2369.62,2370.78,7.474467,17720.28
1767244140,2026-01-01,05:09:00,2370.78,2374.11,2370.53,2373.23,12.945338,30722.31
1767244200,2026-01-01,05:10:00,2373.23,2373.89,2371.93,2372.74,7.244577,17189.52
1767244260,2026-01-01,05:11:00,2372.74,2375.33,2371.42,2374.39,7.265256,17250.53
1767244320,2026-01-01,05:12:00,2374.39,2377.00,2373.61,2376.45,11.243736,26720.19
1767244380,2026-01-01,05:13:00,2376.45,2378.61,2375.73,2377.16,7.191615,17095.65
1767244440,2026-01-01,05:14:00,2377.16,2377.65,2376.47,2377.02,8.844179,21022.81
1767244500,2026-01-01,05:15:00,2377.02,2377.46,2376.42,2377.45,10.756804,25573.79
1767244560,2026-01-01,05:16:00,2377.45,2377.94,2375.54,2376.36,9.642571,22914.24
1767244620,2026-01-01,05:17:00,2376.36,2379.39,2375.44,2378.25,10.875960,25865.70
1767244680,2026-01-01,05:18:00,2378.25,2379.12,2378.21,2378.36,2.985653,7100.95
1767244740,2026-01-01,05:19:00,2378.36,2379.45,2377.07,2377.59,6.111198,14529.95
1767244800,2026-01-01,05:20:00,2377.59,2378.84,2377.18,2378.12,13.285948,31595.60
1767244860,2026-01-01,05:21:00,2378.12,2379.08,2376.89,2377.54,7.709220,18329.01
1767244920,2026-01-01,05:22:00,2377.54,2380.91,2376.10,2380.46,9.641249,22950.63
1767244980,2026-01-01,05:23:00,2380.46,2381.89,2378.90,2379.45,8.753165,20827.69
1767245040,2026-01-01,05:24:00,2379.45,2381.01,2378.91,2380.07,3.597475,8562.25
1767245100,2026-01-01,05:25:00,2380.07,2381.30,2379.71,2380.39,11.483313,27334.74
1767245160,2026-01-01,05:26:00,2380.39,2382.26,2379.39,2382.05,6.799433,16196.57
1767245220,2026-01-01,05:27:00,2382.05,2382.73,2379.81,2380.84,7.088230,16875.97
1767245280,2026-01-01,05:28:00,2380.84,2381.05,2380.22,2380.98,10.576900,25183.44
1767245340,2026-01-01,05:29:00,2380.98,2383.89,2379.98,2382.87,7.792999,18569.74
1767245400,2026-01-01,05:30:00,2382.87,2384.89,2382.14,2384.42,14.234868,33941.89
1767245460,2026-01-01,05:31:00,2384.42,2385.65,2383.78,2385.04,6.462057,15412.25
1767245520,2026-01-01,05:32:00,2385.04,2385.40,2384.62,2385.07,8.596073,20502.27
1767245580,2026-01-01,05:33:00,2385.07,2386.57,2384.49,2385.90,4.076001,9724.91
1767245640,2026-01-01,05:34:00,2385.90,2386.99,2385.61,2386.30,4.274614,10200.49
1767245700,2026-01-01,05:35:00,2386.30,2388.17,2385.33,2386.96,9.114926,21756.96
1767245760,2026-01-01,05:36:00,2386.96,2388.69,2386.33,2387.64,5.230045,12487.45
1767245820,2026-01-01,05:37:00,2387.64,2388.79,2386.58,2387.61,13.957337,33324.61
1767245880,2026-01-01,05:38:00,2387.61,2388.37,2385.16,2386.32,21.247221,50702.77
1767245940,2026-01-01,05:39:00,2386.32,2387.13,2385.13,2386.84,14.153973,33783.22
1767246000,2026-01-01,05:40:00,2386.84,2388.82,2385.00,2387.93,6.655715,15893.38
1767246060,2026-01-01,05:41:00,2387.93,2390.36,2387.77,2389.46,10.960419,26189.49
1767246120,2026-01-01,05:42:00,2389.46,2391.45,2388.14,2390.67,6.668654,15942.52
1767246180,2026-01-01,05:43:00,2390.67,2391.24,2388.35,2388.78,10.823556,25855.09
1767246240,2026-01-01,05:44:00,2388.78,2390.64,2388.54,2389.45,5.338164,12755.27
1767246300,2026-01-01,05:45:00,2389.45,2390.05,2388.71,2389.12,10.376701,24791.15
1767246360,2026-01-01,05:46:00,2389.12,2390.27,2388.45,2389.15,10.977108,26225.94
1767246420,2026-01-01,05:47:00,2389.15,2392.88,2388.69,2391.95,11.639634,27841.40
1767246480,2026-01-01,05:48:00,2391.95,2394.81,2391.36,2393.84,4.525747,10833.89
1767246540,2026-01-01,05:49:00,2393.84,2394.99,2392.41,2394.34,11.733091,28093.07
1767246600,2026-01-01,05:50:00,2394.34,2394.84,2392.21,2392.88,4.012835,9602.24
1767246660,2026-01-01,05:51:00,2392.88,2394.65,2391.79,2393.80,10.695324,25602.44
1767246720,2026-01-01,05:52:00,2393.80,2394.62,2389.29,2390.58,12.476717,29826.58
1767246780,2026-01-01,05:53:00,2390.58,2391.21,2389.03,2389.93,6.120571,14627.72
1767246840,2026-01-01,05:54:00,2389.93,2390.84,2386.98,2387.61,40.247478,96095.39
1767246900,2026-01-01,05:55:00,2387.61,2390.01,2386.88,2389.38,7.034476,16808.06
1767246960,2026-01-01,05:56:00,2389.38,2389.55,2386.84,2387.73,11.180515,26696.00
1767247020,2026-01-01,05:57:00,2387.73,2388.47,2385.95,2387.27,16.923408,40400.74
1767247080,2026-01-01,05:58:00,2387.27,2389.36,2386.54,2388.01,7.989503,19079.05
1767247140,2026-01-01,05:59:00,2388.01,2388.38,2384.91,2386.47,5.461293,13033.21
1767247200,2026-01-01,06:00:00,2386.47,2388.74,2386.24,2387.19,7.407178,17682.34
1767247260,2026-01-01,06:01:00,2387.19,2387.82,2385.48,2386.49,9.204396,21966.18
1767247320,2026-01-01,06:02:00,2386.49,2390.58,2386.34,2389.21,15.003444,35846.31
1767247380,2026-01-01,06:03:00,2389.21,2390.02,2388.17,2389.60,7.015092,16763.27
1767247440,2026-01-01,06:04:00,2389.60,2391.22,2388.89,2389.37,6.047119,14448.79
1767247500,2026-01-01,06:05:00,2389.37,2389.68,2387.47,2388.72,9.010934,21524.63
1767247560,2026-01-01,06:06:00,2388.72,2389.28,2387.11,2388.30,11.186792,26717.47
1767247620,2026-01-01,06:07:00,2388.30,2389.41,2384.09,2385.43,3.622306,8640.77
1767247680,2026-01-01,06:08:00,2385.43,2386.29,2382.39,2382.71,15.659013,37310.86
1767247740,2026-01-01,06:09:00,2382.71,2382.93,2381.05,2382.20,4.445886,10590.98
1767247800,2026-01-01,06:10:00,2382.20,2384.38,2381.74,2383.56,12.625203,30092.91
1767247860,2026-01-01,06:11:00,2383.56,2385.08,2382.72,2384.68,18.049743,43042.92
1767247920,2026-01-01,06:12:00,2384.68,2385.81,2383.72,2385.10,5.461793,13026.91
1767247980,2026-01-01,06:13:00,2385.10,2386.32,2384.55,2385.41,7.948985,18961.62
1767248040,2026-01-01,06:14:00,2385.41,2386.47,2383.00,2384.05,22.963501,54746.24
1767248100,2026-01-01,06:15:00,2384.05,2384.46,2383.69,2383.93,11.257864,26837.91
1767248160,2026-01-01,06:16:00,2383.93,2385.03,2381.90,2382.74,5.434503,12949.02
1767248220,2026-01-01,06:17:00,2382.74,2382.98,2381.67,2382.72,12.909089,30758.73
1767248280,2026-01-01,06:18:00,2382.72,2384.89,2381.69,2383.85,8.847747,21091.70
1767248340,2026-01-01,06:19:00,2383.85,2385.50,2382.69,2383.98,18.287773,43597.74
1767248400,2026-01-01,06:20:00,2383.98,2387.56,2383.54,2386.59,11.836747,28249.52
1767248460,2026-01-01,06:21:00,2386.59,2390.04,2386.14,2389.32,3.947307,9431.38
1767248520,2026-01-01,06:22:00,2389.32,2390.63,2386.77,2388.24,12.764305,30484.19
1767248580,2026-01-01,06:23:00,2388.24,2391.82,2387.46,2390.91,6.678874,15968.56
1767248640,2026-01-01,06:24:00,2390.91,2392.21,2388.56,2389.70,8.923956,21325.59
1767248700,2026-01-01,06:25:00,2389.70,2390.85,2388.60,2389.27,13.582936,32453.25
1767248760,2026-01-01,06:26:00,2389.27,2391.65,2388.30,2390.60,14.102616,33713.67
1767248820,2026-01-01,06:27:00,2390.60,2391.38,2388.19,2388.68,7.161763,17107.19
1767248880,2026-01-01,06:28:00,2388.68,2389.67,2387.56,2388.50,9.692846,23151.38
1767248940,2026-01-01,06:29:00,2388.50,2390.73,2387.65,2389.61,4.130708,9870.77
1767249000,2026-01-01,06:30:00,2389.61,2390.71,2388.26,2388.97,9.649414,23052.13
1767249060,2026-01-01,06:31:00,2388.97,2390.67,2388.04,2390.01,6.666646,15933.33
1767249120,2026-01-01,06:32:00,2390.01,2392.02,2389.56,2391.08,5.832985,13947.13
1767249180,2026-01-01,06:33:00,2391.08,2392.44,2389.79,2391.63,9.875143,23617.65
1767249240,2026-01-01,06:34:00,2391.63,2393.30,2390.53,2392.31,14.491860,34669.09
1767249300,2026-01-01,06:35:00,2392.31,2392.96,2390.78,2391.86,6.444741,15414.92
1767249360,2026-01-01,06:36:00,2391.86,2395.42,2391.20,2394.83,8.878490,21262.46
1767249420,2026-01-01,06:37:00,2394.83,2397.32,2393.69,2396.50,13.497133,32345.88
1767249480,2026-01-01,06:38:00,2396.50,2398.65,2396.07,2397.55,12.327121,29554.91
1767249540,2026-01-01,06:39:00,2397.55,2398.72,2395.92,2396.61,12.018581,28803.85
1767249600,2026-01-01,06:40:00,2396.61,2397.93,2394.96,2396.02,7.845280,18797.45
1767249660,2026-01-01,06:41:00,2396.02,2396.65,2393.36,2393.96,13.875596,33217.64
1767249720,2026-01-01,06:42:00,2393.96,2394.63,2392.76,2393.96,7.727558,18499.45
1767249780,2026-01-01,06:43:00,2393.96,2395.23,2393.22,2393.76,10.601528,25377.51
1767249840,2026-01-01,06:44:00,2393.76,2395.13,2391.71,2392.02,10.898583,26069.64
1767249900,2026-01-01,06:45:00,2392.02,2392.76,2390.79,2391.51,6.597311,15777.53
1767249960,2026-01-01,06:46:00,2391.51,2393.35,2390.44,2392.63,9.180923,21966.59
1767250020,2026-01-01,06:47:00,2392.63,2393.03,2392.00,2392.58,8.425409,20158.44
1767250080,2026-01-01,06:48:00,2392.58,2393.02,2392.10,2392.68,6.037541,14445.91
1767250140,2026-01-01,06:49:00,2392.68,2393.25,2391.69,2392.56,8.800757,21056.34
1767250200,2026-01-01,06:50:00,2392.56,2393.56,2390.05,2390.73,11.829566,28281.25
1767250260,2026-01-01,06:51:00,2390.73,2392.62,2390.34,2391.53,10.629627,25421.05
1767250320,2026-01-01,06:52:00,2391.53,2393.08,2390.63,2392.30,27.448592,65665.36
1767250380,2026-01-01,06:53:00,2392.30,2393.66,2391.15,2392.82,4.583368,10967.16
1767250440,2026-01-01,06:54:00,2392.82,2393.65,2391.81,2392.43,10.139774,24258.74
1767250500,2026-01-01,06:55:00,2392.43,2393.17,2391.22,2391.80,24.988440,59767.25
1767250560,2026-01-01,06:56:00,2391.80,2393.06,2390.84,2392.19,7.045227,16853.55
1767250620,2026-01-01,06:57:00,2392.19,2392.94,2390.03,2391.52,9.576245,22901.82
1767250680,2026-01-01,06:58:00,2391.52,2392.05,2389.53,2390.06,18.121467,43311.36
1767250740,2026-01-01,06:59:00,2390.06,2391.07,2389.07,2389.37,6.015786,14373.94
1767250800,2026-01-01,07:00:00,2389.37,2390.71,2388.35,2389.81,4.062682,9709.05
1767250860,2026-01-01,07:01:00,2389.81,2390.83,2389.04,2390.39,5.733805,13706.05
1767250920,2026-01-01,07:02:00,2390.39,2392.21,2389.77,2390.96,8.941460,21378.63
1767250980,2026-01-01,07:03:00,2390.96,2391.60,2388.08,2389.23,5.271735,12595.38
1767251040,2026-01-01,07:04:00,2389.23,2390.58,2388.07,2389.77,9.100347,21747.76
1767251100,2026-01-01,07:05:00,2389.77,2390.43,2386.37,2386.83,15.077234,35986.84
1767251160,2026-01-01,07:06:00,2386.83,2387.84,2386.01,2386.99,6.197244,14792.77
1767251220,2026-01-01,07:07:00,2386.99,2387.98,2384.76,2385.90,20.081822,47913.14
1767251280,2026-01-01,07:08:00,2385.90,2386.64,2383.98,2385.24,13.385604,31927.85
1767251340,2026-01-01,07:09:00,2385.24,2387.35,2384.53,2386.50,13.100453,31264.28
1767251400,2026-01-01,07:10:00,2386.50,2387.76,2385.42,2386.97,8.503084,20296.57
1767251460,2026-01-01,07:11:00,2386.97,2387.92,2384.66,2385.12,3.087062,7363.01
1767251520,2026-01-01,07:12:00,2385.12,2385.75,2383.40,2384.08,6.688781,15946.58
1767251580,2026-01-01,07:13:00,2384.08,2384.94,2381.31,2382.34,5.344157,12731.62
1767251640,2026-01-01,07:14:00,2382.34,2383.57,2381.41,2381.97,7.228447,17217.93
1767251700,2026-01-01,07:15:00,2381.97,2385.00,2381.96,2383.56,10.516914,25067.69
1767251760,2026-01-01,07:16:00,2383.56,2386.18,2381.80,2385.53,12.485100,29783.53
1767251820,2026-01-01,07:17:00,2385.53,2386.50,2383.01,2383.61,23.370361,55705.91
1767251880,2026-01-01,07:18:00,2383.61,2383.94,2383.27,2383.67,6.653842,15860.54
1767251940,2026-01-01,07:19:00,2383.67,2384.02,2382.72,2383.70,9.176994,21875.17
1767252000,2026-01-01,07:20:00,2383.70,2385.36,2382.60,2384.69,17.596715,41962.65
1767252060,2026-01-01,07:21:00,2384.69,2384.99,2383.36,2384.29,8.029719,19145.17
1767252120,2026-01-01,07:22:00,2384.29,2385.04,2382.82,2383.40,3.186887,7595.63
1767252180,2026-01-01,07:23:00,2383.40,2384.25,2382.21,2383.69,9.966330,23756.67
1767252240,2026-01-01,07:24:00,2383.69,2384.93,2381.67,2382.62,13.538487,32257.10
1767252300,2026-01-01,07:25:00,2382.62,2384.02,2381.34,2382.73,10.672969,25430.79
1767252360,2026-01-01,07:26:00,2382.73,2383.36,2381.20,2382.26,10.582510,25210.28
1767252420,2026-01-01,07:27:00,2382.26,2382.53,2380.47,2381.81,5.884121,14014.88
1767252480,2026-01-01,07:28:00,2381.81,2383.12,2380.28,2381.13,8.840607,21050.63
1767252540,2026-01-01,07:29:00,2381.13,2383.71,2379.81,2382.83,8.422386,20069.09
1767252600,2026-01-01,07:30:00,2382.83,2384.80,2382.05,2383.85,2.689268,6410.81
1767252660,2026-01-01,07:31:00,2383.85,2385.04,2382.00,2383.26,11.307349,26948.31
1767252720,2026-01-01,07:32:00,2383.26,2384.68,2382.50,2383.89,11.098911,26458.53
1767252780,2026-01-01,07:33:00,2383.89,2384.60,2383.51,2383.82,5.711681,13615.64
1767252840,2026-01-01,07:34:00,2383.82,2383.98,2381.93,2382.87,14.509963,34575.35
1767252900,2026-01-01,07:35:00,2382.87,2383.26,2381.47,2383.13,7.640937,18209.34
1767252960,2026-01-01,07:36:00,2383.13,2384.07,2382.67,2383.02,13.141667,31316.88
1767253020,2026-01-01,07:37:00,2383.02,2383.57,2382.30,2382.47,10.752177,25616.71
1767253080,2026-01-01,07:38:00,2382.47,2383.22,2380.23,2381.03,18.081629,43052.85
1767253140,2026-01-01,07:39:00,2381.03,2382.14,2378.94,2380.01,10.524667,25048.81
1767253200,2026-01-01,07:40:00,2380.01,2384.15,2379.04,2383.50,17.207508,41014.06
1767253260,2026-01-01,07:41:00,2383.50,2383.95,2382.04,2383.23,5.740247,13680.35
1767253320,2026-01-01,07:42:00,2383.23,2384.47,2382.33,2383.64,11.011358,26247.13
1767253380,2026-01-01,07:43:00,2383.64,2383.97,2381.18,2382.26,4.501501,10723.74
1767253440,2026-01-01,07:44:00,2382.26,2382.87,2380.89,2381.54,9.450891,22507.68
1767253500,2026-01-01,07:45:00,2381.54,2383.24,2381.24,2382.88,10.482090,24977.60
1767253560,2026-01-01,07:46:00,2382.88,2383.15,2381.41,2382.28,5.130168,12221.49
1767253620,2026-01-01,07:47:00,2382.28,2382.62,2381.01,2381.95,5.104053,12157.61
1767253680,2026-01-01,07:48:00,2381.95,2382.58,2381.28,2381.93,9.794664,23330.24
1767253740,2026-01-01,07:49:00,2381.93,2382.70,2379.56,2380.15,12.499084,29749.74
1767253800,2026-01-01,07:50:00,2380.15,2382.94,2379.48,2381.92,8.550141,20365.76
1767253860,2026-01-01,07:51:00,2381.92,2382.27,2380.92,2381.73,7.868547,18740.72
1767253920,2026-01-01,07:52:00,2381.73,2384.08,2380.97,2383.01,9.089560,21660.49
1767253980,2026-01-01,07:53:00,2383.01,2383.98,2381.59,2382.19,8.711754,20753.06
1767254040,2026-01-01,07:54:00,2382.19,2385.31,2381.11,2383.86,8.233562,19627.64
1767254100,2026-01-01,07:55:00,2383.86,2384.18,2381.63,2382.71,7.452120,17756.24
1767254160,2026-01-01,07:56:00,2382.71,2383.81,2380.79,2381.77,8.692438,20703.36
1767254220,2026-01-01,07:57:00,2381.77,2382.74,2380.84,2381.38,9.405693,22398.51
1767254280,2026-01-01,07:58:00,2381.38,2383.13,2380.74,2381.90,8.429997,20079.40
1767254340,2026-01-01,07:59:00,2381.90,2383.73,2381.07,2383.53,11.779819,28077.59
1767254400,2026-01-01,08:00:00,2383.53,2385.64,2382.70,2384.82,20.171038,48104.33
1767254460,2026-01-01,08:01:00,2384.82,2386.76,2384.18,2385.98,9.301837,22194.01
1767254520,2026-01-01,08:02:00,2385.98,2386.79,2384.27,2385.62,17.092503,40776.27
1767254580,2026-01-01,08:03:00,2385.62,2386.35,2385.15,2385.65,9.901280,23621.02
1767254640,2026-01-01,08:04:00,2385.65,2387.32,2384.87,2386.58,19.608561,46797.43
1767254700,2026-01-01,08:05:00,2386.58,2388.47,2386.09,2387.69,7.461399,17815.54
1767254760,2026-01-01,08:06:00,2387.69,2389.76,2387.07,2388.38,5.555270,13268.10
1767254820,2026-01-01,08:07:00,2388.38,2388.82,2387.06,2388.10,7.379154,17622.19
1767254880,2026-01-01,08:08:00,2388.10,2389.64,2387.56,2388.70,10.573750,25257.49
1767254940,2026-01-01,08:09:00,2388.70,2389.66,2386.18,2386.71,5.931194,14156.06
1767255000,2026-01-01,08:10:00,2386.71,2387.84,2385.23,2385.91,7.887383,18818.59
1767255060,2026-01-01,08:11:00,2385.91,2386.71,2384.63,2385.16,7.772392,18538.42
1767255120,2026-01-01,08:12:00,2385.16,2386.21,2383.88,2385.37,6.911728,16487.05
1767255180,2026-01-01,08:13:00,2385.37,2385.89,2382.04,2382.48,3.339062,7955.24
1767255240,2026-01-01,08:14:00,2382.48,2383.82,2381.37,2383.01,13.202032,31460.54
1767255300,2026-01-01,08:15:00,2383.01,2384.18,2381.46,2382.36,4.945614,11782.22
1767255360,2026-01-01,08:16:00,2382.36,2383.47,2381.04,2382.98,6.542682,15591.10
1767255420,2026-01-01,08:17:00,2382.98,2384.33,2381.92,2383.42,10.195891,24301.09
1767255480,2026-01-01,08:18:00,2383.42,2384.57,2382.50,2383.18,7.410864,17661.42
1767255540,2026-01-01,08:19:00,2383.18,2384.21,2381.66,2383.15,9.525476,22700.67
1767255600,2026-01-01,08:20:00,2383.15,2384.16,2381.74,2383.95,7.107937,16944.96
1767255660,2026-01-01,08:21:00,2383.95,2383.98,2383.05,2383.92,9.052317,21580.01
1767255720,2026-01-01,08:22:00,2383.92,2385.56,2382.98,2384.48,10.645117,25383.10
1767255780,2026-01-01,08:23:00,2384.48,2388.22,2384.40,2387.10,12.882028,30750.70
1767255840,2026-01-01,08:24:00,2387.10,2388.68,2386.09,2388.45,19.722955,47107.29
1767255900,2026-01-01,08:25:00,2388.45,2390.88,2387.69,2390.01,10.098560,24135.61
1767255960,2026-01-01,08:26:00,2390.01,2393.24,2388.91,2391.48,6.757925,16161.41
1767256020,2026-01-01,08:27:00,2391.48,2392.49,2389.71,2390.65,5.706467,13642.17
1767256080,2026-01-01,08:28:00,2390.65,2394.26,2389.80,2393.46,13.368900,31997.88
1767256140,2026-01-01,08:29:00,2393.46,2395.45,2392.59,2394.19,15.920271,38116.08
1767256200,2026-01-01,08:30:00,2394.19,2396.11,2393.15,2395.44,6.468066,15493.83
1767256260,2026-01-01,08:31:00,2395.44,2397.55,2394.83,2396.16,12.003850,28763.20
1767256320,2026-01-01,08:32:00,2396.16,2396.85,2395.05,2395.66,24.557705,58831.91
1767256380,2026-01-01,08:33:00,2395.66,2398.55,2394.91,2397.51,20.071014,48120.36
1767256440,2026-01-01,08:34:00,2397.51,2400.14,2396.63,2398.89,23.275691,55835.89
1767256500,2026-01-01,08:35:00,2398.89,2402.96,2398.00,2402.42,7.334485,17620.54
1767256560,2026-01-01,08:36:00,2402.42,2403.50,2401.28,2402.53,16.210121,38945.30
1767256620,2026-01-01,08:37:00,2402.53,2403.15,2401.43,2402.67,4.997136,12006.47
1767256680,2026-01-01,08:38:00,2402.67,2404.36,2401.95,2403.95,7.153511,17196.65
1767256740,2026-01-01,08:39:00,2403.95,2404.88,2402.66,2403.42,6.002775,14427.18
1767256800,2026-01-01,08:40:00,2403.42,2403.78,2402.46,2403.38,10.890438,26173.86
1767256860,2026-01-01,08:41:00,2403.38,2404.09,2402.39,2403.20,12.896620,30993.10
1767256920,2026-01-01,08:42:00,2403.20,2404.92,2402.20,2403.98,17.026877,40932.32
1767256980,2026-01-01,08:43:00,2403.98,2406.61,2402.90,2405.84,12.755584,30687.90
1767257040,2026-01-01,08:44:00,2405.84,2407.69,2405.30,2406.62,12.340204,29698.18
1767257100,2026-01-01,08:45:00,2406.62,2408.02,2405.74,2407.19,6.303962,15174.85
1767257160,2026-01-01,08:46:00,2407.19,2410.47,2406.52,2409.34,8.803662,21211.00
1767257220,2026-01-01,08:47:00,2409.34,2411.77,2408.30,2410.60,7.523923,18137.15
1767257280,2026-01-01,08:48:00,2410.60,2411.81,2409.76,2410.62,10.395810,25060.32
1767257340,2026-01-01,08:49:00,2410.62,2412.24,2409.45,2411.69,11.703875,28226.09
1767257400,2026-01-01,08:50:00,2411.69,2412.81,2411.57,2412.34,7.658194,18474.16
1767257460,2026-01-01,08:51:00,2412.34,2413.00,2411.11,2411.94,9.173301,22125.41
1767257520,2026-01-01,08:52:00,2411.94,2412.93,2411.26,2412.63,11.473560,27681.43
1767257580,2026-01-01,08:53:00,2412.63,2414.36,2411.63,2412.34,11.852223,28591.59
1767257640,2026-01-01,08:54:00,2412.34,2413.62,2408.99,2409.30,16.314505,39306.46
1767257700,2026-01-01,08:55:00,2409.30,2411.81,2407.73,2411.05,7.819770,18853.86
1767257760,2026-01-01,08:56:00,2411.05,2412.10,2410.62,2410.73,16.230033,39126.25
1767257820,2026-01-01,08:57:00,2410.73,2411.93,2409.98,2411.49,8.351649,20139.92
1767257880,2026-01-01,08:58:00,2411.49,2411.98,2408.35,2409.89,9.524116,22952.09
1767257940,2026-01-01,08:59:00,2409.89,2410.59,2407.78,2409.00,7.355155,17718.59
1767258000,2026-01-01,09:00:00,2409.00,2410.07,2407.37,2408.10,7.370541,17748.97
1767258060,2026-01-01,09:01:00,2408.10,2408.48,2407.54,2408.01,7.609365,18323.39
1767258120,2026-01-01,09:02:00,2408.01,2408.06,2407.15,2408.05,12.827098,30888.29
1767258180,2026-01-01,09:03:00,2408.05,2408.77,2406.82,2408.02,10.675441,25706.67
1767258240,2026-01-01,09:04:00,2408.02,2409.23,2406.85,2408.57,12.734186,30671.19
1767258300,2026-01-01,09:05:00,2408.57,2408.93,2407.42,2408.47,6.649311,16014.69
1767258360,2026-01-01,09:06:00,2408.47,2409.75,2407.63,2409.47,15.048168,36258.07
1767258420,2026-01-01,09:07:00,2409.47,2410.43,2406.11,2407.17,9.079954,21856.98
1767258480,2026-01-01,09:08:00,2407.17,2408.96,2406.14,2408.74,6.323100,15230.71
1767258540,2026-01-01,09:09:00,2408.74,2410.26,2408.21,2408.99,3.358090,8089.60
1767258600,2026-01-01,09:10:00,2408.99,2409.77,2406.52,2407.38,7.081433,17047.73
1767258660,2026-01-01,09:11:00,2407.38,2408.81,2405.95,2407.69,10.005623,24090.48
1767258720,2026-01-01,09:12:00,2407.69,2410.54,2406.90,2409.11,6.886181,16589.55
1767258780,2026-01-01,09:13:00,2409.11,2410.14,2406.18,2407.37,12.845657,30924.22
1767258840,2026-01-01,09:14:00,2407.37,2408.52,2405.91,2407.31,22.218052,53485.80
1767258900,2026-01-01,09:15:00,2407.31,2408.43,2406.54,2407.66,3.384837,8149.55
1767258960,2026-01-01,09:16:00,2407.66,2409.32,2406.11,2406.68,7.795791,18761.99
1767259020,2026-01-01,09:17:00,2406.68,2407.48,2404.59,2405.78,19.660455,47298.75
1767259080,2026-01-01,09:18:00,2405.78,2406.68,2405.13,2405.42,13.783822,33155.85
1767259140,2026-01-01,09:19:00,2405.42,2405.93,2404.95,2405.37,7.580424,18233.72
1767259200,2026-01-01,09:20:00,2405.37,2409.95,2405.01,2408.74,4.767203,11482.96
1767259260,2026-01-01,09:21:00,2408.74,2409.77,2406.36,2406.97,16.177173,38937.99
1767259320,2026-01-01,09:22:00,2406.97,2407.32,2405.37,2406.08,8.143590,19594.09
1767259380,2026-01-01,09:23:00,2406.08,2407.41,2403.50,2404.42,9.666385,23242.04
1767259440,2026-01-01,09:24:00,2404.42,2404.97,2404.16,2404.36,9.360802,22506.73
1767259500,2026-01-01,09:25:00,2404.36,2405.55,2403.77,2403.97,6.870359,16516.11
1767259560,2026-01-01,09:26:00,2403.97,2405.66,2402.95,2404.67,4.204273,10109.88
1767259620,2026-01-01,09:27:00,2404.67,2405.39,2401.89,2402.82,5.831288,14011.56
1767259680,2026-01-01,09:28:00,2402.82,2404.20,2401.47,2402.13,3.100053,7446.74
1767259740,2026-01-01,09:29:00,2402.13,2403.11,2401.20,2403.00,28.741525,69065.77
1767259800,2026-01-01,09:30:00,2403.00,2406.43,2402.90,2405.31,7.923286,19057.97
1767259860,2026-01-01,09:31:00,2405.31,2406.80,2404.28,2405.35,6.359396,15296.56
1767259920,2026-01-01,09:32:00,2405.35,2406.39,2402.95,2404.08,5.481964,13179.06
1767259980,2026-01-01,09:33:00,2404.08,2404.95,2402.98,2403.38,10.205070,24526.63
1767260040,2026-01-01,09:34:00,2403.38,2404.15,2402.62,2403.33,8.723037,20964.36
1767260100,2026-01-01,09:35:00,2403.33,2406.58,2402.28,2405.37,10.726616,25801.48
1767260160,2026-01-01,09:36:00,2405.37,2407.27,2404.34,2406.55,8.171374,19664.81
1767260220,2026-01-01,09:37:00,2406.55,2407.27,2405.15,2406.76,4.310430,10374.17
1767260280,2026-01-01,09:38:00,2406.76,2407.37,2405.46,2406.14,5.670659,13644.42
1767260340,2026-01-01,09:39:00,2406.14,2406.76,2404.44,2405.13,12.887177,30995.28
1767260400,2026-01-01,09:40:00,2405.13,2406.47,2404.11,2404.65,2.634995,6336.23
1767260460,2026-01-01,09:41:00,2404.65,2405.30,2403.06,2404.04,8.193497,19697.47
1767260520,2026-01-01,09:42:00,2404.04,2404.65,2403.20,2403.95,6.028898,14493.18
1767260580,2026-01-01,09:43:00,2403.95,2404.70,2401.64,2402.36,13.337747,32042.08
1767260640,2026-01-01,09:44:00,2402.36,2403.14,2400.67,2401.99,10.185242,24464.85
1767260700,2026-01-01,09:45:00,2401.99,2402.66,2401.46,2401.93,7.358125,17673.68
1767260760,2026-01-01,09:46:00,2401.93,2402.76,2400.60,2401.24,5.732794,13765.79
1767260820,2026-01-01,09:47:00,2401.24,2401.89,2399.07,2399.63,9.919594,23803.38
1767260880,2026-01-01,09:48:00,2399.63,2400.55,2398.87,2399.89,6.748295,16195.18
1767260940,2026-01-01,09:49:00,2399.89,2400.66,2398.06,2399.29,4.151301,9960.16
1767261000,2026-01-01,09:50:00,2399.29,2400.18,2398.61,2399.17,14.872362,35681.32
1767261060,2026-01-01,09:51:00,2399.17,2400.49,2398.36,2399.16,10.520806,25241.15
1767261120,2026-01-01,09:52:00,2399.16,2401.38,2398.39,2400.35,7.063161,16954.06
1767261180,2026-01-01,09:53:00,2400.35,2401.44,2398.99,2399.77,8.752724,21004.55
1767261240,2026-01-01,09:54:00,2399.77,2400.78,2399.13,2399.89,5.191372,12458.75
1767261300,2026-01-01,09:55:00,2399.89,2403.23,2398.76,2401.95,10.506890,25236.99
1767261360,2026-01-01,09:56:00,2401.95,2403.04,2400.82,2401.10,5.998058,14401.95
1767261420,2026-01-01,09:57:00,2401.10,2402.17,2398.62,2399.35,4.998711,11993.67
1767261480,2026-01-01,09:58:00,2399.35,2400.16,2398.50,2399.84,10.600227,25438.87
1767261540,2026-01-01,09:59:00,2399.84,2400.83,2398.50,2399.23,7.702916,18481.07
1767261600,2026-01-01,10:00:00,2399.23,2400.06,2398.29,2399.76,8.065544,19355.38
1767261660,2026-01-01,10:01:00,2399.76,2401.30,2399.57,2400.77,8.399837,20166.09
1767261720,2026-01-01,10:02:00,2400.77,2401.87,2399.99,2400.64,14.699934,35289.22
1767261780,2026-01-01,10:03:00,2400.64,2400.73,2398.43,2398.84,11.002835,26394.09
1767261840,2026-01-01,10:04:00,2398.84,2399.57,2395.71,2396.94,6.708207,16079.15
1767261900,2026-01-01,10:05:00,2396.94,2398.51,2396.45,2397.87,16.323555,39141.71
1767261960,2026-01-01,10:06:00,2397.87,2398.99,2397.19,2398.20,8.948682,21460.72
1767262020,2026-01-01,10:07:00,2398.20,2399.11,2396.80,2397.58,4.952234,11873.37
1767262080,2026-01-01,10:08:00,2397.58,2398.52,2396.59,2396.78,6.825135,16358.37
1767262140,2026-01-01,10:09:00,2396.78,2397.89,2395.93,2397.26,8.972372,21509.07
1767262200,2026-01-01,10:10:00,2397.26,2399.18,2396.46,2398.17,4.063547,9745.06
1767262260,2026-01-01,10:11:00,2398.17,2398.75,2397.48,2398.08,9.098552,21819.03
1767262320,2026-01-01,10:12:00,2398.08,2398.12,2395.88,2396.60,6.097657,14613.65
1767262380,2026-01-01,10:13:00,2396.60,2397.17,2395.98,2396.82,8.495212,20361.48
1767262440,2026-01-01,10:14:00,2396.82,2397.45,2395.79,2396.61,4.393289,10528.98
1767262500,2026-01-01,10:15:00,2396.61,2397.69,2394.93,2395.67,9.554116,22888.49
1767262560,2026-01-01,10:16:00,2395.67,2397.12,2394.51,2396.26,10.930170,26191.58
1767262620,2026-01-01,10:17:00,2396.26,2398.27,2395.61,2397.64,15.596698,37395.32
1767262680,2026-01-01,10:18:00,2397.64,2398.61,2394.77,2395.53,3.669712,8790.91
1767262740,2026-01-01,10:19:00,2395.53,2396.57,2394.47,2394.87,13.228022,31679.43
1767262800,2026-01-01,10:20:00,2394.87,2394.94,2392.07,2393.14,9.250130,22136.87
1767262860,2026-01-01,10:21:00,2393.14,2395.51,2392.61,2394.10,8.786362,21035.40
1767262920,2026-01-01,10:22:00,2394.10,2395.35,2393.80,2394.65,5.650190,13530.25
1767262980,2026-01-01,10:23:00,2394.65,2394.87,2393.26,2393.63,9.071671,21714.22
1767263040,2026-01-01,10:24:00,2393.63,2396.87,2392.81,2396.17,8.653771,20735.93
1767263100,2026-01-01,10:25:00,2396.17,2396.51,2394.03,2395.11,11.864493,28416.76
1767263160,2026-01-01,10:26:00,2395.11,2395.25,2393.68,2394.29,10.258259,24561.21
1767263220,2026-01-01,10:27:00,2394.29,2394.88,2390.85,2391.45,6.268045,14989.71
1767263280,2026-01-01,10:28:00,2391.45,2393.81,2390.25,2393.07,11.261310,26949.06
1767263340,2026-01-01,10:29:00,2393.07,2394.11,2391.57,2392.59,8.712035,20844.30
1767263400,2026-01-01,10:30:00,2392.59,2393.07,2391.06,2391.86,3.057915,7314.09
1767263460,2026-01-01,10:31:00,2391.86,2392.81,2389.04,2389.44,10.636299,25414.80
1767263520,2026-01-01,10:32:00,2389.44,2390.03,2388.59,2389.33,21.047491,50289.36
1767263580,2026-01-01,10:33:00,2389.33,2390.74,2387.97,2390.10,13.825974,33045.48
1767263640,2026-01-01,10:34:00,2390.10,2391.56,2389.21,2390.15,15.400758,36810.14
1767263700,2026-01-01,10:35:00,2390.15,2390.90,2388.31,2389.09,5.441693,13000.72
1767263760,2026-01-01,10:36:00,2389.09,2389.55,2387.92,2389.45,14.130185,33763.34
1767263820,2026-01-01,10:37:00,2389.45,2390.26,2386.66,2387.02,12.891184,30771.47
1767263880,2026-01-01,10:38:00,2387.02,2388.61,2385.98,2387.88,6.736347,16085.57
1767263940,2026-01-01,10:39:00,2387.88,2389.86,2387.11,2389.39,7.968753,19040.50
1767264000,2026-01-01,10:40:00,2389.39,2391.50,2388.60,2390.37,10.930171,26127.12
1767264060,2026-01-01,10:41:00,2390.37,2392.30,2389.31,2391.33,11.751289,28101.16
1767264120,2026-01-01,10:42:00,2391.33,2392.15,2389.23,2389.65,7.536356,18009.25
1767264180,2026-01-01,10:43:00,2389.65,2392.02,2388.73,2391.17,9.086540,21727.45
1767264240,2026-01-01,10:44:00,2391.17,2391.93,2389.70,2390.54,7.366625,17610.23
1767264300,2026-01-01,10:45:00,2390.54,2392.16,2389.17,2391.25,5.817147,13910.23
1767264360,2026-01-01,10:46:00,2391.25,2391.73,2388.56,2389.87,15.789952,37735.92
1767264420,2026-01-01,10:47:00,2389.87,2390.39,2388.56,2389.29,5.531457,13216.27
1767264480,2026-01-01,10:48:00,2389.29,2390.13,2387.86,2388.84,11.101977,26520.87
1767264540,2026-01-01,10:49:00,2388.84,2390.08,2386.70,2388.26,9.295520,22200.15
1767264600,2026-01-01,10:50:00,2388.26,2390.80,2387.36,2389.79,8.454550,20204.61
1767264660,2026-01-01,10:51:00,2389.79,2390.06,2386.64,2387.31,11.304786,26988.00
1767264720,2026-01-01,10:52:00,2387.31,2388.19,2385.26,2386.16,15.089015,36004.76
1767264780,2026-01-01,10:53:00,2386.16,2386.84,2385.47,2386.26,6.656129,15883.26
1767264840,2026-01-01,10:54:00,2386.26,2386.79,2383.96,2385.28,9.727876,23203.72
1767264900,2026-01-01,10:55:00,2385.28,2385.73,2384.88,2385.37,11.256480,26850.83
1767264960,2026-01-01,10:56:00,2385.37,2388.89,2384.08,2387.74,7.630268,18219.06
1767265020,2026-01-01,10:57:00,2387.74,2389.78,2387.31,2388.94,7.108858,16982.63
1767265080,2026-01-01,10:58:00,2388.94,2389.81,2386.35,2387.38,14.962393,35720.89
1767265140,2026-01-01,10:59:00,2387.38,2389.17,2386.63,2388.18,20.934781,49996.10
1767265200,2026-01-01,11:00:00,2388.18,2389.60,2385.66,2386.04,10.603789,25301.05
1767265260,2026-01-01,11:01:00,2386.04,2387.12,2384.74,2385.44,7.350466,17534.10
1767265320,2026-01-01,11:02:00,2385.44,2385.91,2383.54,2384.47,12.437948,29657.95
1767265380,2026-01-01,11:03:00,2384.47,2386.16,2383.10,2385.10,8.445205,20142.67
1767265440,2026-01-01,11:04:00,2385.10,2386.03,2383.64,2384.90,8.892620,21208.01
1767265500,2026-01-01,11:05:00,2384.90,2387.08,2383.73,2385.93,4.008861,9564.86
1767265560,2026-01-01,11:06:00,2385.93,2387.32,2385.59,2386.70,6.291736,15016.46
1767265620,2026-01-01,11:07:00,2386.70,2387.62,2386.03,2387.12,7.042651,16811.66
1767265680,2026-01-01,11:08:00,2387.12,2388.75,2386.22,2387.94,6.629912,15831.86
1767265740,2026-01-01,11:09:00,2387.94,2390.98,2386.72,2389.80,15.534956,37125.51
1767265800,2026-01-01,11:10:00,2389.80,2390.84,2388.49,2389.08,15.184889,36277.97
1767265860,2026-01-01,11:11:00,2389.08,2390.00,2388.12,2388.77,9.397693,22448.96
1767265920,2026-01-01,11:12:00,2388.77,2389.77,2387.91,2389.07,9.076784,21685.04
1767265980,2026-01-01,11:13:00,2389.07,2389.60,2388.44,2389.11,18.950512,45274.77
1767266040,2026-01-01,11:14:00,2389.11,2389.77,2386.42,2387.62,12.616392,30123.12
1767266100,2026-01-01,11:15:00,2387.62,2388.52,2386.15,2387.55,11.634169,27777.11
1767266160,2026-01-01,11:16:00,2387.55,2388.44,2385.62,2386.09,20.617153,49194.34
1767266220,2026-01-01,11:17:00,2386.09,2387.86,2385.74,2386.89,5.307173,12667.63
1767266280,2026-01-01,11:18:00,2386.89,2387.76,2384.84,2386.12,8.847533,21111.32
1767266340,2026-01-01,11:19:00,2386.12,2387.00,2384.32,2385.52,5.284722,12606.80
1767266400,2026-01-01,11:20:00,2385.52,2387.12,2384.44,2386.26,8.645785,20631.08
1767266460,2026-01-01,11:21:00,2386.26,2388.00,2384.51,2385.59,5.706320,13612.95
1767266520,2026-01-01,11:22:00,2385.59,2386.30,2382.38,2383.31,9.406891,22419.58
1767266580,2026-01-01,11:23:00,2383.31,2383.92,2381.94,2382.47,18.531331,44150.33
1767266640,2026-01-01,11:24:00,2382.47,2383.23,2380.12,2381.28,3.824834,9107.98
1767266700,2026-01-01,11:25:00,2381.28,2381.68,2379.62,2380.45,10.606770,25248.87
1767266760,2026-01-01,11:26:00,2380.45,2381.85,2379.20,2380.88,6.862705,16339.31
1767266820,2026-01-01,11:27:00,2380.88,2382.10,2379.66,2381.66,6.154435,14657.79
1767266880,2026-01-01,11:28:00,2381.66,2382.64,2381.26,2382.36,6.915273,16474.67
1767266940,2026-01-01,11:29:00,2382.36,2383.34,2381.62,2382.50,3.947543,9405.02
1767267000,2026-01-01,11:30:00,2382.50,2384.60,2381.26,2383.38,5.684838,13549.14
1767267060,2026-01-01,11:31:00,2383.38,2384.93,2381.78,2383.75,10.759235,25647.35
1767267120,2026-01-01,11:32:00,2383.75,2386.51,2383.10,2385.64,5.050019,12047.55
1767267180,2026-01-01,11:33:00,2385.64,2387.15,2384.04,2384.81,13.184315,31442.04
1767267240,2026-01-01,11:34:00,2384.81,2385.73,2384.15,2385.13,11.743407,28009.57
1767267300,2026-01-01,11:35:00,2385.13,2385.48,2383.41,2384.34,6.427528,15325.42
1767267360,2026-01-01,11:36:00,2384.34,2385.92,2383.28,2384.97,8.391286,20012.99
1767267420,2026-01-01,11:37:00,2384.97,2386.10,2382.86,2383.88,9.896515,23592.14
1767267480,2026-01-01,11:38:00,2383.88,2384.59,2382.79,2384.20,4.394239,10476.73
1767267540,2026-01-01,11:39:00,2384.20,2386.29,2384.06,2385.14,16.526215,39417.31
1767267600,2026-01-01,11:40:00,2385.14,2385.89,2382.80,2384.01,3.138312,7481.78
1767267660,2026-01-01,11:41:00,2384.01,2385.32,2383.55,2384.43,11.773195,28072.41
1767267720,2026-01-01,11:42:00,2384.43,2384.86,2383.48,2384.59,8.819871,21031.81
1767267780,2026-01-01,11:43:00,2384.59,2385.98,2384.02,2384.99,14.758999,35200.13
1767267840,2026-01-01,11:44:00,2384.99,2387.04,2384.08,2385.73,13.225023,31551.36
1767267900,2026-01-01,11:45:00,2385.73,2386.40,2383.14,2384.24,4.200101,10014.05
1767267960,2026-01-01,11:46:00,2384.24,2385.73,2383.72,2384.23,5.246293,12508.34
1767268020,2026-01-01,11:47:00,2384.23,2385.61,2383.79,2384.80,13.781385,32865.80
1767268080,2026-01-01,11:48:00,2384.80,2385.92,2383.00,2383.80,6.001509,14306.37
1767268140,2026-01-01,11:49:00,2383.80,2385.61,2383.68,2384.87,14.696279,35048.74
1767268200,2026-01-01,11:50:00,2384.87,2385.85,2382.24,2383.17,8.036253,19151.74
1767268260,2026-01-01,11:51:00,2383.17,2384.22,2382.54,2383.93,10.915828,26022.59
1767268320,2026-01-01,11:52:00,2383.93,2384.90,2382.97,2384.11,16.155572,38516.68
1767268380,2026-01-01,11:53:00,2384.11,2385.57,2383.21,2384.54,10.844700,25859.59
1767268440,2026-01-01,11:54:00,2384.54,2384.88,2382.80,2384.22,10.946766,26099.45
1767268500,2026-01-01,11:55:00,2384.22,2385.17,2382.25,2383.54,12.535880,29879.76
1767268560,2026-01-01,11:56:00,2383.54,2386.10,2382.99,2385.20,12.600871,30055.57
1767268620,2026-01-01,11:57:00,2385.20,2385.63,2384.10,2385.18,9.507354,22676.80
1767268680,2026-01-01,11:58:00,2385.18,2386.60,2384.53,2385.74,14.753124,35197.05
1767268740,2026-01-01,11:59:00,2385.74,2389.09,2385.00,2388.02,9.993565,23864.84
1767268800,2026-01-01,12:00:00,2388.02,2390.13,2387.25,2389.52,10.903278,26053.62
1767268860,2026-01-01,12:01:00,2389.52,2392.07,2388.82,2390.83,21.313344,50956.61
1767268920,2026-01-01,12:02:00,2390.83,2392.92,2390.48,2392.21,6.654606,15919.21
1767268980,2026-01-01,12:03:00,2392.21,2393.90,2391.53,2392.69,7.284354,17429.20
1767269040,2026-01-01,12:04:00,2392.69,2392.91,2390.24,2391.76,8.775846,20989.68
1767269100,2026-01-01,12:05:00,2391.76,2394.15,2391.13,2393.13,16.973505,40619.79
1767269160,2026-01-01,12:06:00,2393.13,2395.18,2392.16,2393.84,6.647075,15912.00
1767269220,2026-01-01,12:07:00,2393.84,2394.49,2392.69,2393.35,13.507587,32328.39
1767269280,2026-01-01,12:08:00,2393.35,2393.76,2391.21,2391.91,8.705563,20822.95
1767269340,2026-01-01,12:09:00,2391.91,2392.14,2391.06,2391.93,5.726733,13697.93
1767269400,2026-01-01,12:10:00,2391.93,2393.53,2391.05,2392.88,8.702020,20822.85
1767269460,2026-01-01,12:11:00,2392.88,2394.98,2392.08,2394.53,10.743735,25726.24
1767269520,2026-01-01,12:12:00,2394.53,2397.20,2394.25,2396.48,9.901713,23729.29
1767269580,2026-01-01,12:13:00,2396.48,2397.65,2395.86,2397.05,9.479622,22723.15
1767269640,2026-01-01,12:14:00,2397.05,2397.94,2395.01,2395.54,4.277386,10246.65
1767269700,2026-01-01,12:15:00,2395.54,2397.03,2394.25,2396.71,7.334290,17578.17
1767269760,2026-01-01,12:16:00,2396.71,2399.03,2395.89,2397.90,7.153511,17153.38
1767269820,2026-01-01,12:17:00,2397.90,2399.05,2396.96,2398.56,5.479923,13143.94
1767269880,2026-01-01,12:18:00,2398.56,2401.80,2398.32,2401.02,12.362797,29683.32
1767269940,2026-01-01,12:19:00,2401.02,2401.40,2400.31,2400.94,7.004466,16817.29
1767270000,2026-01-01,12:20:00,2400.94,2404.15,2400.63,2403.11,8.514898,20462.23
1767270060,2026-01-01,12:21:00,2403.11,2404.00,2401.97,2403.48,14.141655,33989.25
1767270120,2026-01-01,12:22:00,2403.48,2405.04,2402.08,2404.22,5.217518,12544.05
1767270180,2026-01-01,12:23:00,2404.22,2404.89,2401.44,2402.06,12.623410,30322.25
1767270240,2026-01-01,12:24:00,2402.06,2402.51,2400.81,2401.55,7.935273,19056.97
1767270300,2026-01-01,12:25:00,2401.55,2402.22,2398.52,2399.17,6.420825,15404.66
1767270360,2026-01-01,12:26:00,2399.17,2399.68,2396.22,2397.20,6.638343,15913.46
1767270420,2026-01-01,12:27:00,2397.20,2398.37,2396.14,2397.65,10.519449,25221.91
1767270480,2026-01-01,12:28:00,2397.65,2398.68,2395.03,2395.53,16.664246,39919.69
1767270540,2026-01-01,12:29:00,2395.53,2397.70,2394.66,2396.87,15.184328,36394.90
1767270600,2026-01-01,12:30:00,2396.87,2399.34,2395.89,2398.74,17.242919,41361.32
1767270660,2026-01-01,12:31:00,2398.74,2400.37,2397.88,2399.23,11.281357,27066.54
1767270720,2026-01-01,12:32:00,2399.23,2400.31,2398.84,2399.31,7.422091,17807.89
1767270780,2026-01-01,12:33:00,2399.31,2400.00,2396.10,2397.38,13.629975,32676.23
1767270840,2026-01-01,12:34:00,2397.38,2398.32,2393.76,2394.29,2.230062,5339.42
1767270900,2026-01-01,12:35:00,2394.29,2395.02,2393.60,2394.19,11.069382,26502.18
1767270960,2026-01-01,12:36:00,2394.19,2394.65,2393.00,2393.31,7.206046,17246.29
1767271020,2026-01-01,12:37:00,2393.31,2393.50,2392.55,2393.19,8.408395,20122.91
1767271080,2026-01-01,12:38:00,2393.19,2394.36,2391.75,2393.27,13.590828,32526.47
1767271140,2026-01-01,12:39:00,2393.27,2394.16,2392.46,2393.40,8.865195,21217.98
1767271200,2026-01-01,12:40:00,2393.40,2394.33,2391.83,2392.63,7.645988,18294.05
1767271260,2026-01-01,12:41:00,2392.63,2393.39,2391.96,2392.91,3.357334,8033.80
1767271320,2026-01-01,12:42:00,2392.91,2393.93,2391.38,2392.15,3.842504,9191.83
1767271380,2026-01-01,12:43:00,2392.15,2394.87,2391.69,2393.53,11.015095,26364.99
1767271440,2026-01-01,12:44:00,2393.53,2393.73,2393.32,2393.57,6.390906,15297.08
1767271500,2026-01-01,12:45:00,2393.57,2395.41,2393.14,2394.93,5.661568,13559.03
1767271560,2026-01-01,12:46:00,2394.93,2396.01,2393.71,2395.15,6.889003,16500.18
1767271620,2026-01-01,12:47:00,2395.15,2396.47,2393.80,2395.73,11.342167,27172.81
1767271680,2026-01-01,12:48:00,2395.73,2397.81,2395.10,2396.68,7.889931,18909.65
1767271740,2026-01-01,12:49:00,2396.68,2398.15,2395.29,2397.68,11.349334,27212.05
1767271800,2026-01-01,12:50:00,2397.68,2398.52,2395.88,2397.04,12.044465,28871.00
1767271860,2026-01-01,12:51:00,2397.04,2397.87,2394.77,2395.30,13.142942,31481.35
1767271920,2026-01-01,12:52:00,2395.30,2396.11,2395.09,2395.40,22.476980,53841.46
1767271980,2026-01-01,12:53:00,2395.40,2396.31,2394.51,2396.03,7.284342,17453.50
1767272040,2026-01-01,12:54:00,2396.03,2396.75,2394.72,2395.91,5.329020,12767.84
1767272100,2026-01-01,12:55:00,2395.91,2396.94,2393.98,2395.47,12.921651,30953.43
1767272160,2026-01-01,12:56:00,2395.47,2398.00,2394.77,2396.88,7.416150,17775.60
1767272220,2026-01-01,12:57:00,2396.88,2398.45,2396.12,2397.64,8.608249,20639.49
1767272280,2026-01-01,12:58:00,2397.64,2398.55,2396.51,2397.40,33.937568,81361.82
1767272340,2026-01-01,12:59:00,2397.40,2399.24,2396.61,2397.95,19.016603,45600.84
1767272400,2026-01-01,13:00:00,2397.95,2399.65,2396.54,2398.67,25.002801,59973.55
1767272460,2026-01-01,13:01:00,2398.67,2399.26,2397.65,2398.54,11.331963,27180.15
1767272520,2026-01-01,13:02:00,2398.54,2401.71,2398.11,2400.35,5.348980,12839.40
1767272580,2026-01-01,13:03:00,2400.35,2401.45,2399.34,2400.57,5.815522,13960.56
1767272640,2026-01-01,13:04:00,2400.57,2402.02,2399.13,2400.31,7.285392,17487.21
1767272700,2026-01-01,13:05:00,2400.31,2401.10,2398.82,2399.63,10.714492,25710.81
1767272760,2026-01-01,13:06:00,2399.63,2400.68,2398.45,2399.82,4.380743,10512.99
1767272820,2026-01-01,13:07:00,2399.82,2400.38,2397.85,2398.29,7.519528,18033.99
1767272880,2026-01-01,13:08:00,2398.29,2399.09,2396.29,2396.86,10.198943,24445.43
1767272940,2026-01-01,13:09:00,2396.86,2397.53,2395.48,2396.26,12.150301,29115.26
1767273000,2026-01-01,13:10:00,2396.26,2397.54,2395.62,2396.91,12.614956,30236.91
1767273060,2026-01-01,13:11:00,2396.91,2397.61,2396.47,2397.04,11.121384,26658.44
1767273120,2026-01-01,13:12:00,2397.04,2398.20,2394.50,2396.03,5.800234,13897.54
1767273180,2026-01-01,13:13:00,2396.03,2398.21,2395.32,2397.30,18.639485,44684.47
1767273240,2026-01-01,13:14:00,2397.30,2398.27,2395.75,2396.38,5.604386,13430.25
1767273300,2026-01-01,13:15:00,2396.38,2398.02,2393.80,2394.29,9.301309,22270.08
1767273360,2026-01-01,13:16:00,2394.29,2395.05,2392.82,2393.47,12.540330,30014.89
1767273420,2026-01-01,13:17:00,2393.47,2394.66,2391.89,2393.00,7.370042,17636.52
1767273480,2026-01-01,13:18:00,2393.00,2393.18,2390.89,2391.80,8.046892,19246.58
1767273540,2026-01-01,13:19:00,2391.80,2394.01,2389.95,2392.52,8.432339,20174.53
1767273600,2026-01-01,13:20:00,2392.52,2394.31,2390.45,2391.10,12.912184,30874.35
1767273660,2026-01-01,13:21:00,2391.10,2392.92,2390.78,2392.19,9.602402,22970.75
1767273720,2026-01-01,13:22:00,2392.19,2392.51,2391.41,2392.51,8.438266,20188.63
1767273780,2026-01-01,13:23:00,2392.51,2396.27,2392.32,2395.62,10.519732,25201.28
1767273840,2026-01-01,13:24:00,2395.62,2397.47,2394.90,2396.68,20.105546,48186.58
1767273900,2026-01-01,13:25:00,2396.68,2398.26,2395.44,2397.53,16.231636,38915.83
1767273960,2026-01-01,13:26:00,2397.53,2398.64,2396.85,2397.76,7.059888,16927.88
1767274020,2026-01-01,13:27:00,2397.76,2399.17,2396.32,2398.31,5.339345,12805.38
1767274080,2026-01-01,13:28:00,2398.31,2400.56,2397.61,2400.04,12.748198,30596.14
1767274140,2026-01-01,13:29:00,2400.04,2401.23,2397.42,2397.96,5.091683,12209.67
1767274200,2026-01-01,13:30:00,2397.96,2398.70,2396.19,2397.56,4.749288,11386.69
1767274260,2026-01-01,13:31:00,2397.56,2398.48,2396.41,2398.29,13.054949,31309.53
1767274320,2026-01-01,13:32:00,2398.29,2398.70,2395.97,2397.37,7.920943,18989.44
1767274380,2026-01-01,13:33:00,2397.37,2398.76,2396.46,2397.54,5.240144,12563.43
1767274440,2026-01-01,13:34:00,2397.54,2398.53,2396.78,2397.62,8.136035,19507.09
1767274500,2026-01-01,13:35:00,2397.62,2398.17,2395.64,2396.43,6.903722,16544.31
1767274560,2026-01-01,13:36:00,2396.43,2397.68,2395.73,2396.77,8.289090,19867.07
1767274620,2026-01-01,13:37:00,2396.77,2396.97,2395.82,2396.61,6.489398,15552.55
1767274680,2026-01-01,13:38:00,2396.61,2397.26,2394.65,2395.31,12.664098,30334.49
1767274740,2026-01-01,13:39:00,2395.31,2396.12,2393.73,2394.66,12.376467,29637.44
1767274800,2026-01-01,13:40:00,2394.66,2395.84,2394.03,2395.11,7.595837,18192.89
1767274860,2026-01-01,13:41:00,2395.11,2395.85,2393.23,2393.99,8.565744,20506.31
1767274920,2026-01-01,13:42:00,2393.99,2397.08,2393.09,2396.10,5.229540,12530.52
1767274980,2026-01-01,13:43:00,2396.10,2398.23,2395.27,2397.19,9.363787,22446.76
1767275040,2026-01-01,13:44:00,2397.19,2397.95,2396.01,2396.25,3.599863,8626.16
1767275100,2026-01-01,13:45:00,2396.25,2397.69,2395.39,2396.43,10.298318,24679.19
1767275160,2026-01-01,13:46:00,2396.43,2397.92,2395.51,2396.87,4.850829,11626.81
1767275220,2026-01-01,13:47:00,2396.87,2397.58,2393.75,2395.23,22.436307,53740.01
1767275280,2026-01-01,13:48:00,2395.23,2398.47,2394.58,2397.59,5.745731,13775.88
1767275340,2026-01-01,13:49:00,2397.59,2398.67,2396.37,2396.85,5.557816,13321.23
1767275400,2026-01-01,13:50:00,2396.85,2397.85,2393.10,2394.16,9.337836,22356.26
1767275460,2026-01-01,13:51:00,2394.16,2394.88,2393.23,2394.24,7.519408,18003.24
1767275520,2026-01-01,13:52:00,2394.24,2394.85,2392.36,2393.57,17.174618,41108.61
1767275580,2026-01-01,13:53:00,2393.57,2394.90,2393.03,2393.32,9.572765,22910.74
1767275640,2026-01-01,13:54:00,2393.32,2396.16,2392.61,2394.75,11.379509,27251.13
1767275700,2026-01-01,13:55:00,2394.75,2395.59,2393.21,2394.27,14.463119,34628.61
1767275760,2026-01-01,13:56:00,2394.27,2395.01,2392.34,2393.42,5.473594,13100.63
1767275820,2026-01-01,13:57:00,2393.42,2395.12,2392.65,2394.51,14.465986,34638.92
1767275880,2026-01-01,13:58:00,2394.51,2395.01,2390.68,2391.71,8.063006,19284.35
1767275940,2026-01-01,13:59:00,2391.71,2392.39,2390.62,2392.35,4.093698,9793.57
1767276000,2026-01-01,14:00:00,2392.35,2393.82,2391.51,2392.88,5.955424,14250.64
1767276060,2026-01-01,14:01:00,2392.88,2393.71,2390.11,2391.17,11.310826,27046.06
1767276120,2026-01-01,14:02:00,2391.17,2391.60,2390.25,2390.57,11.721755,28021.73
1767276180,2026-01-01,14:03:00,2390.57,2391.62,2390.00,2390.47,6.379744,15250.61
1767276240,2026-01-01,14:04:00,2390.47,2393.31,2389.40,2392.39,6.954856,16638.76
1767276300,2026-01-01,14:05:00,2392.39,2393.79,2391.64,2392.40,8.921817,21344.58
1767276360,2026-01-01,14:06:00,2392.40,2393.27,2390.73,2391.45,12.099913,28936.32
1767276420,2026-01-01,14:07:00,2391.45,2392.18,2390.20,2391.56,14.308008,34218.47
1767276480,2026-01-01,14:08:00,2391.56,2392.25,2388.16,2389.05,7.272152,17373.56
1767276540,2026-01-01,14:09:00,2389.05,2390.97,2386.44,2387.55,9.243207,22068.60
1767276600,2026-01-01,14:10:00,2387.55,2387.90,2387.01,2387.31,5.524157,13187.90
1767276660,2026-01-01,14:11:00,2387.31,2387.87,2386.07,2387.05,14.433336,34453.09
1767276720,2026-01-01,14:12:00,2387.05,2388.08,2384.30,2385.49,7.889683,18820.79
1767276780,2026-01-01,14:13:00,2385.49,2387.14,2384.30,2385.88,5.584079,13322.96
1767276840,2026-01-01,14:14:00,2385.88,2386.75,2384.73,2385.07,5.918214,14115.34
1767276900,2026-01-01,14:15:00,2385.07,2385.87,2382.61,2383.95,10.939124,26078.32
1767276960,2026-01-01,14:16:00,2383.95,2385.89,2383.43,2384.84,5.880929,14025.05
1767277020,2026-01-01,14:17:00,2384.84,2385.90,2384.10,2385.84,7.758506,18510.58
1767277080,2026-01-01,14:18:00,2385.84,2386.08,2385.51,2386.04,3.815442,9103.81
1767277140,2026-01-01,14:19:00,2386.04,2386.58,2384.29,2385.23,13.124825,31305.77
1767277200,2026-01-01,14:20:00,2385.23,2385.91,2383.75,2384.71,10.243864,24428.61
1767277260,2026-01-01,14:21:00,2384.71,2385.33,2383.73,2385.19,9.335054,22265.92
1767277320,2026-01-01,14:22:00,2385.19,2386.37,2384.73,2385.74,8.370011,19968.69
1767277380,2026-01-01,14:23:00,2385.74,2386.33,2384.27,2384.91,9.935533,23695.36
1767277440,2026-01-01,14:24:00,2384.91,2385.48,2381.72,2382.71,10.204600,24314.55
1767277500,2026-01-01,14:25:00,2382.71,2383.92,2382.32,2382.80,13.091295,31193.95
1767277560,2026-01-01,14:26:00,2382.80,2383.77,2382.19,2383.02,12.699974,30264.35
1767277620,2026-01-01,14:27:00,2383.02,2383.92,2382.66,2383.29,11.818151,28166.06
1767277680,2026-01-01,14:28:00,2383.29,2384.22,2380.72,2381.66,7.061216,16817.42
1767277740,2026-01-01,14:29:00,2381.66,2382.37,2380.44,2381.33,7.966071,18969.82
1767277800,2026-01-01,14:30:00,2381.33,2382.31,2380.34,2381.04,9.430361,22454.10
1767277860,2026-01-01,14:31:00,2381.04,2381.68,2379.68,2380.03,8.666734,20627.07
1767277920,2026-01-01,14:32:00,2380.03,2383.52,2379.34,2383.13,6.695962,15957.36
1767277980,2026-01-01,14:33:00,2383.13,2385.75,2382.34,2384.62,4.694597,11194.83
1767278040,2026-01-01,14:34:00,2384.62,2385.36,2382.24,2382.82,12.059212,28734.99
1767278100,2026-01-01,14:35:00,2382.82,2383.64,2381.95,2382.75,8.169377,19465.57
1767278160,2026-01-01,14:36:00,2382.75,2383.36,2380.02,2381.05,4.040963,9621.74
1767278220,2026-01-01,14:37:00,2381.05,2381.70,2379.81,2381.00,11.221341,26717.97
1767278280,2026-01-01,14:38:00,2381.00,2381.32,2379.61,2380.62,7.406624,17632.36
1767278340,2026-01-01,14:39:00,2380.62,2381.08,2380.51,2380.65,17.246392,41057.56
1767278400,2026-01-01,14:40:00,2380.65,2381.50,2377.73,2378.86,5.006360,11909.45
1767278460,2026-01-01,14:41:00,2378.86,2379.17,2376.72,2377.82,13.055658,31044.02
1767278520,2026-01-01,14:42:00,2377.82,2378.32,2376.98,2377.55,18.436509,43833.73
1767278580,2026-01-01,14:43:00,2377.55,2378.60,2376.67,2377.26,14.937033,35509.23
1767278640,2026-01-01,14:44:00,2377.26,2381.53,2376.93,2380.53,9.872639,23502.13
1767278700,2026-01-01,14:45:00,2380.53,2380.75,2378.38,2378.78,17.441489,41489.48
1767278760,2026-01-01,14:46:00,2378.78,2379.66,2378.11,2378.56,6.236819,14834.64
1767278820,2026-01-01,14:47:00,2378.56,2380.21,2377.83,2379.18,7.599630,18080.90
1767278880,2026-01-01,14:48:00,2379.18,2379.74,2378.06,2379.54,4.441942,10569.76
1767278940,2026-01-01,14:49:00,2379.54,2380.11,2377.96,2378.76,9.789021,23285.77
1767279000,2026-01-01,14:50:00,2378.76,2381.53,2377.60,2380.18,10.562394,25140.38
1767279060,2026-01-01,14:51:00,2380.18,2380.92,2377.12,2377.54,12.747638,30308.00
1767279120,2026-01-01,14:52:00,2377.54,2381.05,2376.92,2380.23,4.963283,11813.75
1767279180,2026-01-01,14:53:00,2380.23,2381.44,2377.73,2378.65,10.788891,25663.00
1767279240,2026-01-01,14:54:00,2378.65,2379.31,2376.60,2377.64,6.500459,15455.78
1767279300,2026-01-01,14:55:00,2377.64,2378.28,2375.75,2376.89,6.379055,15162.34
1767279360,2026-01-01,14:56:00,2376.89,2377.75,2376.28,2376.78,6.368342,15136.13
1767279420,2026-01-01,14:57:00,2376.78,2377.50,2374.71,2375.69,11.247074,26719.53
1767279480,2026-01-01,14:58:00,2375.69,2376.62,2375.06,2375.62,8.584789,20394.20
1767279540,2026-01-01,14:59:00,2375.62,2375.90,2373.93,2374.83,8.422082,20001.00
1767279600,2026-01-01,15:00:00,2374.83,2375.36,2372.35,2373.43,10.284091,24408.55
1767279660,2026-01-01,15:01:00,2373.43,2374.46,2371.46,2371.76,11.974214,28399.95
1767279720,2026-01-01,15:02:00,2371.76,2374.38,2371.14,2373.67,8.628019,20480.11
1767279780,2026-01-01,15:03:00,2373.67,2374.32,2373.38,2373.74,8.716613,20690.98
1767279840,2026-01-01,15:04:00,2373.74,2375.55,2373.51,2374.06,6.838981,16236.18
1767279900,2026-01-01,15:05:00,2374.06,2374.55,2371.95,2372.22,15.486528,36737.50
1767279960,2026-01-01,15:06:00,2372.22,2374.38,2371.65,2373.50,9.898641,23494.42
1767280020,2026-01-01,15:07:00,2373.50,2375.83,2372.31,2374.51,12.677583,30103.09
1767280080,2026-01-01,15:08:00,2374.51,2374.81,2372.75,2373.20,7.566628,17957.13
1767280140,2026-01-01,15:09:00,2373.20,2373.30,2372.38,2372.90,7.877066,18691.48
1767280200,2026-01-01,15:10:00,2372.90,2373.85,2372.02,2373.48,14.687459,34860.33
1767280260,2026-01-01,15:11:00,2373.48,2374.32,2370.86,2372.18,10.090171,23935.65
1767280320,2026-01-01,15:12:00,2372.18,2372.76,2370.82,2371.01,26.058603,61785.23
1767280380,2026-01-01,15:13:00,2371.01,2371.51,2369.13,2370.21,10.339313,24506.38
1767280440,2026-01-01,15:14:00,2370.21,2371.33,2369.00,2371.20,5.064650,12009.30
1767280500,2026-01-01,15:15:00,2371.20,2371.65,2369.10,2370.19,4.315922,10229.55
1767280560,2026-01-01,15:16:00,2370.19,2371.41,2368.47,2369.52,16.534610,39179.15
1767280620,2026-01-01,15:17:00,2369.52,2370.64,2368.20,2368.96,16.949893,40153.69
1767280680,2026-01-01,15:18:00,2368.96,2370.65,2368.47,2369.64,13.282485,31474.65
1767280740,2026-01-01,15:19:00,2369.64,2371.97,2369.37,2370.72,4.543123,10770.48
1767280800,2026-01-01,15:20:00,2370.72,2371.71,2369.33,2369.88,10.006147,23713.32
1767280860,2026-01-01,15:21:00,2369.88,2371.23,2369.04,2370.65,2.773930,6576.02
1767280920,2026-01-01,15:22:00,2370.65,2371.64,2369.33,2371.01,8.862008,21011.90
1767280980,2026-01-01,15:23:00,2371.01,2371.96,2370.18,2370.97,10.891513,25823.46
1767281040,2026-01-01,15:24:00,2370.97,2371.94,2368.42,2368.93,5.452790,12917.27
1767281100,2026-01-01,15:25:00,2368.93,2369.37,2367.48,2368.16,7.868051,18632.77
1767281160,2026-01-01,15:26:00,2368.16,2368.67,2365.96,2366.91,9.045481,21409.82
1767281220,2026-01-01,15:27:00,2366.91,2367.39,2365.48,2366.19,10.787085,25524.27
1767281280,2026-01-01,15:28:00,2366.19,2367.05,2363.21,2364.37,13.495444,31908.22
1767281340,2026-01-01,15:29:00,2364.37,2367.34,2363.22,2365.90,4.941917,11692.06
1767281400,2026-01-01,15:30:00,2365.90,2365.98,2364.51,2365.75,12.613046,29839.33
1767281460,2026-01-01,15:31:00,2365.75,2367.67,2364.85,2366.57,13.528967,32017.25
1767281520,2026-01-01,15:32:00,2366.57,2367.34,2364.48,2365.24,7.624086,18032.83
1767281580,2026-01-01,15:33:00,2365.24,2366.56,2363.49,2364.02,13.485414,31879.80
1767281640,2026-01-01,15:34:00,2364.02,2366.26,2363.17,2365.31,10.324990,24421.78
1767281700,2026-01-01,15:35:00,2365.31,2366.84,2364.30,2365.68,13.140497,31086.21
1767281760,2026-01-01,15:36:00,2365.68,2367.38,2364.84,2366.37,6.275671,14850.56
1767281820,2026-01-01,15:37:00,2366.37,2367.00,2365.56,2366.25,7.284018,17235.81
1767281880,2026-01-01,15:38:00,2366.25,2367.59,2365.98,2366.16,13.808377,32672.82
1767281940,2026-01-01,15:39:00,2366.16,2367.38,2365.26,2366.41,5.542068,13114.79
1767282000,2026-01-01,15:40:00,2366.41,2367.11,2366.07,2366.57,3.895045,9217.89
1767282060,2026-01-01,15:41:00,2366.57,2367.76,2365.35,2367.25,11.280887,26704.64
1767282120,2026-01-01,15:42:00,2367.25,2369.01,2366.63,2367.90,13.692596,32422.70
1767282180,2026-01-01,15:43:00,2367.90,2370.24,2366.72,2369.84,8.820272,20902.65
1767282240,2026-01-01,15:44:00,2369.84,2370.79,2368.70,2370.03,10.456426,24782.04
1767282300,2026-01-01,15:45:00,2370.03,2371.26,2368.96,2369.52,16.773170,39744.28
1767282360,2026-01-01,15:46:00,2369.52,2372.11,2368.86,2371.65,3.679563,8726.62
1767282420,2026-01-01,15:47:00,2371.65,2372.86,2370.47,2372.53,18.611258,44155.79
1767282480,2026-01-01,15:48:00,2372.53,2373.21,2371.41,2371.93,5.226731,12397.46
1767282540,2026-01-01,15:49:00,2371.93,2374.07,2371.72,2373.58,5.197151,12335.84
1767282600,2026-01-01,15:50:00,2373.58,2374.92,2372.75,2373.84,18.816925,44668.41
1767282660,2026-01-01,15:51:00,2373.84,2375.45,2373.20,2374.17,10.832284,25717.69
1767282720,2026-01-01,15:52:00,2374.17,2375.30,2373.79,2374.65,42.664850,101313.97
1767282780,2026-01-01,15:53:00,2374.65,2375.88,2372.12,2372.59,6.313977,14980.50
1767282840,2026-01-01,15:54:00,2372.59,2374.86,2371.54,2374.26,5.035600,11955.82
1767282900,2026-01-01,15:55:00,2374.26,2375.10,2373.41,2373.90,12.763643,30299.63
1767282960,2026-01-01,15:56:00,2373.90,2374.81,2372.72,2373.79,8.246125,19574.55
1767283020,2026-01-01,15:57:00,2373.79,2375.02,2373.03,2373.63,5.536077,13140.58
1767283080,2026-01-01,15:58:00,2373.63,2376.27,2372.73,2375.00,9.713285,23069.02
1767283140,2026-01-01,15:59:00,2375.00,2376.89,2373.95,2376.79,4.247361,10095.08
1767283200,2026-01-01,16:00:00,2376.79,2379.10,2376.04,2378.51,18.809130,44737.74
1767283260,2026-01-01,16:01:00,2378.51,2380.50,2377.79,2380.47,8.910595,21211.42
1767283320,2026-01-01,16:02:00,2380.47,2382.04,2379.58,2381.75,14.497102,34528.43
1767283380,2026-01-01,16:03:00,2381.75,2381.80,2379.94,2380.40,6.408865,15255.66
1767283440,2026-01-01,16:04:00,2380.40,2381.49,2378.19,2379.14,17.887561,42556.96
1767283500,2026-01-01,16:05:00,2379.14,2380.28,2378.13,2379.12,16.186005,38508.43
1767283560,2026-01-01,16:06:00,2379.12,2380.28,2378.49,2379.39,10.563161,25133.86
1767283620,2026-01-01,16:07:00,2379.39,2381.25,2378.34,2380.03,11.147632,26531.67
1767283680,2026-01-01,16:08:00,2380.03,2382.14,2379.57,2380.82,4.330653,10310.50
1767283740,2026-01-01,16:09:00,2380.82,2381.47,2378.97,2380.18,14.419307,34320.49
1767283800,2026-01-01,16:10:00,2380.18,2381.43,2378.80,2380.63,18.405136,43815.83
1767283860,2026-01-01,16:11:00,2380.63,2381.78,2379.69,2381.49,12.673187,30181.02
1767283920,2026-01-01,16:12:00,2381.49,2381.91,2378.23,2379.22,11.297537,26879.28
1767283980,2026-01-01,16:13:00,2379.22,2380.39,2378.47,2379.50,10.791185,25677.60
1767284040,2026-01-01,16:14:00,2379.50,2380.71,2378.92,2379.81,8.664318,20619.42
1767284100,2026-01-01,16:15:00,2379.81,2382.19,2379.36,2381.94,4.931474,11746.46
1767284160,2026-01-01,16:16:00,2381.94,2382.89,2381.01,2382.33,11.065144,26360.79
1767284220,2026-01-01,16:17:00,2382.33,2383.58,2380.54,2381.27,23.563558,56111.18
1767284280,2026-01-01,16:18:00,2381.27,2381.89,2379.56,2380.50,7.274174,17316.17
1767284340,2026-01-01,16:19:00,2380.50,2381.54,2379.82,2381.09,13.335257,31752.46
1767284400,2026-01-01,16:20:00,2381.09,2383.45,2380.07,2382.61,3.629913,8648.66
1767284460,2026-01-01,16:21:00,2382.61,2383.85,2382.04,2382.78,25.621810,61051.02
1767284520,2026-01-01,16:22:00,2382.78,2383.35,2382.10,2382.62,3.013434,7179.88
1767284580,2026-01-01,16:23:00,2382.62,2383.35,2380.90,2381.64,5.507109,13115.94
1767284640,2026-01-01,16:24:00,2381.64,2384.03,2380.77,2383.38,4.813769,11473.05
1767284700,2026-01-01,16:25:00,2383.38,2384.46,2381.45,2382.44,13.984790,33317.86
1767284760,2026-01-01,16:26:00,2382.44,2384.36,2381.79,2382.97,8.811155,20996.72
1767284820,2026-01-01,16:27:00,2382.97,2383.72,2381.59,2382.30,10.553112,25140.64
1767284880,2026-01-01,16:28:00,2382.30,2383.22,2380.44,2381.44,13.846119,32973.75
1767284940,2026-01-01,16:29:00,2381.44,2382.80,2378.39,2379.68,13.730909,32675.19
1767285000,2026-01-01,16:30:00,2379.68,2380.69,2378.79,2379.45,12.423576,29561.33
1767285060,2026-01-01,16:31:00,2379.45,2380.72,2377.51,2378.64,14.257252,33912.85
1767285120,2026-01-01,16:32:00,2378.64,2380.21,2378.57,2379.03,8.527419,20286.95
1767285180,2026-01-01,16:33:00,2379.03,2380.58,2377.80,2379.41,6.935155,16501.59
1767285240,2026-01-01,16:34:00,2379.41,2380.10,2378.15,2379.40,8.683444,20661.39
1767285300,2026-01-01,16:35:00,2379.40,2381.71,2377.99,2381.31,13.199241,31431.50
1767285360,2026-01-01,16:36:00,2381.31,2381.74,2379.13,2380.38,15.479544,36847.20
1767285420,2026-01-01,16:37:00,2380.38,2384.57,2379.59,2383.30,12.947538,30857.90
1767285480,2026-01-01,16:38:00,2383.30,2383.54,2382.39,2383.19,15.912445,37922.43
1767285540,2026-01-01,16:39:00,2383.19,2385.03,2382.50,2384.40,9.556165,22785.68
